,value5,value4,value3,value2,value1
2012-12-31 16:02:03,0.0,0.0,0.0,0.0,27.0
2012-12-31 16:02:04,0.0,0.0,0.0,0.0,27.0
2012-12-31 16:02:05,0.0,0.0,0.0,0.0,27.0
2012-12-31 16:02:06,0.0,0.0,0.0,0.0,27.0
2012-12-31 16:02:07,,,,,
2012-12-31 16:02:08,,,,,
2012-12-31 16:02:09,,,,,
2012-12-31 16:02:10,,,,,
2012-12-31 16:02:11,,,,,
2012-12-31 16:02:12,,,,,
2012-12-31 16:02:13,,,,,
2012-12-31 16:02:14,,,,,
2012-12-31 16:02:15,,,,,
2012-12-31 16:02:16,,,,,
2012-12-31 16:02:17,,,,,
2012-12-31 16:02:18,,,,,
2012-12-31 16:02:19,,,,,
2012-12-31 16:02:20,,,,,
2012-12-31 16:02:21,,,,,
2012-12-31 16:02:22,,,,,
2012-12-31 16:02:23,,,,,
2012-12-31 16:02:24,,,,,
2012-12-31 16:02:25,,,,,
2012-12-31 16:02:26,,,,,
2012-12-31 16:02:27,,,,,
2012-12-31 16:02:28,,,,,
2012-12-31 16:02:29,,,,,
2012-12-31 16:02:30,,,,,
2012-12-31 16:02:31,,,,,
2012-12-31 16:02:32,,,,,
2012-12-31 16:02:33,,,,,
2012-12-31 16:02:34,,,,,
2012-12-31 16:02:35,,,,,
2012-12-31 16:02:36,,,,,
2012-12-31 16:02:37,,,,,
2012-12-31 16:02:38,,,,,
2012-12-31 16:02:39,,,,,
2012-12-31 16:02:40,,,,,
2012-12-31 16:02:41,,,,,
2012-12-31 16:02:42,,,,,
2012-12-31 16:02:43,,,,,
2012-12-31 16:02:44,,,,,
2012-12-31 16:02:45,,,,,
2012-12-31 16:02:46,,,,,
2012-12-31 16:02:47,,,,,
2012-12-31 16:02:48,,,,,
2012-12-31 16:02:49,,,,,
2012-12-31 16:02:50,,,,,
2012-12-31 16:02:51,,,,,
2012-12-31 16:02:52,,,,,
2012-12-31 16:02:53,,,,,
2012-12-31 16:02:54,,,,,
2012-12-31 16:02:55,,,,,
2012-12-31 16:02:56,,,,,
2012-12-31 16:02:57,,,,,
2012-12-31 16:02:58,,,,,
2012-12-31 16:02:59,,,,,
2012-12-31 16:03:00,,,,,
2012-12-31 16:03:01,,,,,
2012-12-31 16:03:02,,,,,
2012-12-31 16:03:03,,,,,
2012-12-31 16:03:04,,,,,
2012-12-31 16:03:05,,,,,
2012-12-31 16:03:06,,,,,
2012-12-31 16:03:07,,,,,
2012-12-31 16:03:08,,,,,
2012-12-31 16:03:09,,,,,
2012-12-31 16:03:10,,,,,
2012-12-31 16:03:11,,,,,
2012-12-31 16:03:12,,,,,
2012-12-31 16:03:13,,,,,
2012-12-31 16:03:14,0.0,0.0,0.0,0.0,26.0
2012-12-31 16:03:15,0.0,0.0,0.0,0.0,27.0
2012-12-31 16:03:16,0.0,0.0,0.0,0.0,27.0
2012-12-31 16:03:17,0.0,0.0,0.0,0.0,26.0
2012-12-31 16:03:18,0.0,0.0,0.0,0.0,26.0
2012-12-31 16:03:19,0.0,0.0,0.0,0.0,27.0
2012-12-31 16:03:20,0.0,0.0,0.0,0.0,26.0
2012-12-31 16:03:21,0.0,0.0,0.0,0.0,26.0
2012-12-31 16:03:22,0.0,0.0,0.0,0.0,26.0
2012-12-31 16:03:23,0.0,0.0,0.0,0.0,26.0
2012-12-31 16:03:24,0.0,0.0,0.0,0.0,26.0
2012-12-31 16:03:25,0.0,0.0,0.0,0.0,26.0
2012-12-31 16:03:26,0.0,0.0,0.0,0.0,26.0
2012-12-31 16:03:27,0.0,0.0,0.0,0.0,26.0
2012-12-31 16:03:28,0.0,0.0,0.0,0.0,27.0
2012-12-31 16:03:29,,,,,
2012-12-31 16:03:30,,,,,
2012-12-31 16:03:31,0.0,0.0,0.0,0.0,26.0
2012-12-31 16:03:32,0.0,0.0,0.0,0.0,26.0
2012-12-31 16:03:33,0.0,0.0,0.0,0.0,26.0
2012-12-31 16:03:34,0.0,0.0,0.0,0.0,27.0
2012-12-31 16:03:35,0.0,0.0,0.0,0.0,27.0
2012-12-31 16:03:36,0.0,0.0,0.0,0.0,26.0
2012-12-31 16:03:37,0.0,0.0,0.0,0.0,27.0
2012-12-31 16:03:38,0.0,0.0,0.0,0.0,27.0
2012-12-31 16:03:39,0.0,0.0,0.0,0.0,26.0
2012-12-31 16:03:40,0.0,0.0,0.0,0.0,26.0
2012-12-31 16:03:41,0.0,0.0,0.0,0.0,26.0
2012-12-31 16:03:42,0.0,0.0,0.0,0.0,26.0
2012-12-31 16:03:43,0.0,0.0,0.0,0.0,26.0
2012-12-31 16:03:44,0.0,0.0,0.0,0.0,26.0
2012-12-31 16:03:45,0.0,0.0,0.0,0.0,26.0
2012-12-31 16:03:46,0.0,0.0,0.0,0.0,27.0
2012-12-31 16:03:47,,,,,
2012-12-31 16:03:48,0.0,0.0,0.0,0.0,27.0
2012-12-31 16:03:49,0.0,0.0,0.0,0.0,26.0
2012-12-31 16:03:50,0.0,0.0,0.0,0.0,26.0
2012-12-31 16:03:51,0.0,0.0,0.0,0.0,27.0
2012-12-31 16:03:52,0.0,0.0,0.0,0.0,25.0
2012-12-31 16:03:53,0.0,0.0,0.0,0.0,25.5
2012-12-31 16:03:54,0.0,0.0,0.0,0.0,25.5
2012-12-31 16:03:55,0.0,0.0,0.0,0.0,25.5
2012-12-31 16:03:56,0.0,0.0,0.0,0.0,25.5
2012-12-31 16:03:57,0.0,0.0,0.0,0.0,25.5
2012-12-31 16:03:58,0.0,0.0,0.0,0.0,25.5
2012-12-31 16:03:59,0.0,0.0,0.0,0.0,25.5
2012-12-31 16:04:00,0.0,0.0,0.0,0.0,25.5
2012-12-31 16:04:01,0.0,0.0,0.0,0.0,26.0
2012-12-31 16:04:02,0.0,0.0,0.0,0.0,26.0
2012-12-31 16:04:03,0.0,0.0,0.0,0.0,26.0
2012-12-31 16:04:04,0.0,0.0,0.0,0.0,26.0
2012-12-31 16:04:05,0.0,0.0,0.0,0.0,26.0
2012-12-31 16:04:06,0.0,0.0,0.0,0.0,26.0
2012-12-31 16:04:07,0.0,0.0,0.0,0.0,25.0
2012-12-31 16:04:08,0.0,0.0,0.0,0.0,26.0
2012-12-31 16:04:09,0.0,0.0,0.0,0.0,26.0
2012-12-31 16:04:10,0.0,0.0,0.0,0.0,27.0
2012-12-31 16:04:11,0.0,0.0,0.0,0.0,27.0
2012-12-31 16:04:12,0.0,0.0,0.0,0.0,26.0
2012-12-31 16:04:13,0.0,0.0,0.0,0.0,26.0
2012-12-31 16:04:14,0.0,0.0,0.0,0.0,26.0
2012-12-31 16:04:15,0.0,0.0,0.0,0.0,27.0
2012-12-31 16:04:16,0.0,0.0,0.0,0.0,26.0
2012-12-31 16:04:17,0.0,0.0,0.0,0.0,26.0
2012-12-31 16:04:18,0.0,0.0,0.0,0.0,27.0
2012-12-31 16:04:19,0.0,0.0,0.0,0.0,27.0
2012-12-31 16:04:20,0.0,0.0,0.0,0.0,26.0
2012-12-31 16:04:21,0.0,0.0,0.0,0.0,27.0
2012-12-31 16:04:22,0.0,0.0,0.0,0.0,27.0
2012-12-31 16:04:23,0.0,0.0,0.0,0.0,27.0
2012-12-31 16:04:24,0.0,0.0,0.0,0.0,27.0
2012-12-31 16:04:25,0.0,0.0,0.0,0.0,27.0
2012-12-31 16:04:26,0.0,0.0,0.0,0.0,26.0
2012-12-31 16:04:27,0.0,0.0,0.0,0.0,27.0
2012-12-31 16:04:28,0.0,0.0,0.0,0.0,26.0
2012-12-31 16:04:29,,,,,
2012-12-31 16:04:30,0.0,0.0,0.0,0.0,27.0
2012-12-31 16:04:31,0.0,0.0,0.0,0.0,27.0
2012-12-31 16:04:32,0.0,0.0,0.0,0.0,27.0
2012-12-31 16:04:33,0.0,0.0,0.0,0.0,27.0
2012-12-31 16:04:34,0.0,0.0,0.0,0.0,27.0
2012-12-31 16:04:35,0.0,0.0,0.0,0.0,27.0
2012-12-31 16:04:36,0.0,0.0,0.0,0.0,27.0
2012-12-31 16:04:37,0.0,0.0,0.0,0.0,27.0
2012-12-31 16:04:38,0.0,0.0,0.0,0.0,27.0
2012-12-31 16:04:39,0.0,0.0,0.0,0.0,27.0
2012-12-31 16:04:40,0.0,0.0,0.0,0.0,27.0
2012-12-31 16:04:41,0.0,0.0,0.0,0.0,27.0
2012-12-31 16:04:42,,,,,
2012-12-31 16:04:43,0.0,0.0,0.0,0.0,26.0
2012-12-31 16:04:44,0.0,0.0,0.0,0.0,27.0
2012-12-31 16:04:45,0.0,0.0,0.0,0.0,27.0
2012-12-31 16:04:46,0.0,0.0,0.0,0.0,27.0
2012-12-31 16:04:47,0.0,0.0,0.0,0.0,27.5
2012-12-31 16:04:48,0.0,0.0,0.0,0.0,27.5
2012-12-31 16:04:49,0.0,0.0,0.0,0.0,27.5
2012-12-31 16:04:50,0.0,0.0,0.0,0.0,27.5
2012-12-31 16:04:51,0.0,0.0,0.0,0.0,27.5
2012-12-31 16:04:52,0.0,0.0,0.0,0.0,28.0
2012-12-31 16:04:53,0.0,0.0,0.0,0.0,28.0
2012-12-31 16:04:54,0.0,0.0,0.0,0.0,28.0
2012-12-31 16:04:55,0.0,0.0,0.0,0.0,28.0
2012-12-31 16:04:56,0.0,0.0,0.0,0.0,28.0
2012-12-31 16:04:57,0.0,0.0,0.0,0.0,27.5
2012-12-31 16:04:58,0.0,0.0,0.0,0.0,27.5
2012-12-31 16:04:59,0.0,0.0,0.0,0.0,28.0
2012-12-31 16:05:00,0.0,0.0,0.0,0.0,28.0
2012-12-31 16:05:01,0.0,0.0,0.0,0.0,27.5
2012-12-31 16:05:02,0.0,0.0,0.0,0.0,27.5
2012-12-31 16:05:03,0.0,0.0,0.0,0.0,27.5
2012-12-31 16:05:04,0.0,0.0,0.0,0.0,27.5
2012-12-31 16:05:05,0.0,0.0,0.0,0.0,28.0
2012-12-31 16:05:06,0.0,0.0,0.0,0.0,28.0
2012-12-31 16:05:07,0.0,0.0,0.0,0.0,27.5
2012-12-31 16:05:08,0.0,0.0,0.0,0.0,28.0
2012-12-31 16:05:09,0.0,0.0,0.0,0.0,27.5
2012-12-31 16:05:10,0.0,0.0,0.0,0.0,28.0
2012-12-31 16:05:11,0.0,0.0,0.0,0.0,28.0
2012-12-31 16:05:12,0.0,0.0,0.0,0.0,28.0
2012-12-31 16:05:13,0.0,0.0,0.0,0.0,27.5
2012-12-31 16:05:14,0.0,0.0,0.0,0.0,27.5
2012-12-31 16:05:15,0.0,0.0,0.0,0.0,28.0
2012-12-31 16:05:16,0.0,0.0,0.0,0.0,28.0
2012-12-31 16:05:17,0.0,0.0,0.0,0.0,27.5
2012-12-31 16:05:18,0.0,0.0,0.0,0.0,27.5
2012-12-31 16:05:19,0.0,0.0,0.0,0.0,28.0
2012-12-31 16:05:20,0.0,0.0,0.0,0.0,28.0
2012-12-31 16:05:21,0.0,0.0,0.0,0.0,27.0
2012-12-31 16:05:22,0.0,0.0,0.0,0.0,29.0
2012-12-31 16:05:23,0.0,0.0,0.0,0.0,28.0
2012-12-31 16:05:24,0.0,0.0,0.0,0.0,28.0
2012-12-31 16:05:25,0.0,0.0,0.0,0.0,28.0
2012-12-31 16:05:26,0.0,0.0,0.0,0.0,28.0
2012-12-31 16:05:27,0.0,0.0,0.0,0.0,27.5
2012-12-31 16:05:28,0.0,0.0,0.0,0.0,28.0
2012-12-31 16:05:29,0.0,0.0,0.0,0.0,27.5
2012-12-31 16:05:30,0.0,0.0,0.0,0.0,28.0
2012-12-31 16:05:31,0.0,0.0,0.0,0.0,28.0
2012-12-31 16:05:32,0.0,0.0,0.0,0.0,27.5
2012-12-31 16:05:33,0.0,0.0,0.0,0.0,28.0
2012-12-31 16:05:34,0.0,0.0,0.0,0.0,27.5
2012-12-31 16:05:35,0.0,0.0,0.0,0.0,28.0
2012-12-31 16:05:36,0.0,0.0,0.0,0.0,27.5
2012-12-31 16:05:37,0.0,0.0,0.0,0.0,28.0
2012-12-31 16:05:38,0.0,0.0,0.0,0.0,28.0
2012-12-31 16:05:39,0.0,0.0,0.0,0.0,27.5
2012-12-31 16:05:40,0.0,0.0,0.0,0.0,28.0
2012-12-31 16:05:41,0.0,0.0,0.0,0.0,27.5
2012-12-31 16:05:42,0.0,0.0,0.0,0.0,28.0
2012-12-31 16:05:43,0.0,0.0,0.0,0.0,28.0
2012-12-31 16:05:44,0.0,0.0,0.0,0.0,28.0
2012-12-31 16:05:45,0.0,0.0,0.0,0.0,27.5
2012-12-31 16:05:46,0.0,0.0,0.0,0.0,28.0
2012-12-31 16:05:47,0.0,0.0,0.0,0.0,27.5
2012-12-31 16:05:48,0.0,0.0,0.0,0.0,28.0
2012-12-31 16:05:49,0.0,0.0,0.0,0.0,27.5
2012-12-31 16:05:50,0.0,0.0,0.0,0.0,28.0
2012-12-31 16:05:51,0.0,0.0,0.0,0.0,28.0
2012-12-31 16:05:52,0.0,0.0,0.0,0.0,27.5
2012-12-31 16:05:53,0.0,0.0,0.0,0.0,28.0
2012-12-31 16:05:54,0.0,0.0,0.0,0.0,28.0
2012-12-31 16:05:55,,,,,
2012-12-31 16:05:56,0.0,0.0,0.0,0.0,28.0
2012-12-31 16:05:57,0.0,0.0,0.0,0.0,28.0
2012-12-31 16:05:58,0.0,0.0,0.0,0.0,29.0
2012-12-31 16:05:59,0.0,0.0,0.0,0.0,29.0
2012-12-31 16:06:00,0.0,0.0,0.0,0.0,28.0
2012-12-31 16:06:01,0.0,0.0,0.0,0.0,29.0
2012-12-31 16:06:02,0.0,0.0,0.0,0.0,29.0
2012-12-31 16:06:03,0.0,0.0,0.0,0.0,28.0
2012-12-31 16:06:04,0.0,0.0,0.0,0.0,28.0
2012-12-31 16:06:05,0.0,0.0,0.0,0.0,28.0
2012-12-31 16:06:06,,,,,
2012-12-31 16:06:07,0.0,0.0,0.0,0.0,29.0
2012-12-31 16:06:08,0.0,0.0,0.0,0.0,29.0
2012-12-31 16:06:09,0.0,0.0,0.0,0.0,28.0
2012-12-31 16:06:10,0.0,0.0,0.0,0.0,29.0
2012-12-31 16:06:11,0.0,0.0,0.0,0.0,29.0
2012-12-31 16:06:12,0.0,0.0,0.0,0.0,28.0
2012-12-31 16:06:13,0.0,0.0,0.0,0.0,28.0
2012-12-31 16:06:14,0.0,0.0,0.0,0.0,28.0
2012-12-31 16:06:15,0.0,0.0,0.0,0.0,28.0
2012-12-31 16:06:16,0.0,0.0,0.0,0.0,29.0
2012-12-31 16:06:17,0.0,0.0,0.0,0.0,28.0
2012-12-31 16:06:18,0.0,0.0,0.0,0.0,29.0
2012-12-31 16:06:19,0.0,0.0,0.0,0.0,28.0
2012-12-31 16:06:20,0.0,0.0,0.0,0.0,28.0
2012-12-31 16:06:21,0.0,0.0,0.0,0.0,28.0
2012-12-31 16:06:22,0.0,0.0,0.0,0.0,26.5
2012-12-31 16:06:23,0.0,0.0,0.0,0.0,27.0
2012-12-31 16:06:24,0.0,0.0,0.0,0.0,26.5
2012-12-31 16:06:25,0.0,0.0,0.0,0.0,26.5
2012-12-31 16:06:26,0.0,0.0,0.0,0.0,26.5
2012-12-31 16:06:27,0.0,0.0,0.0,0.0,26.5
2012-12-31 16:06:28,0.0,0.0,0.0,0.0,26.5
2012-12-31 16:06:29,0.0,0.0,0.0,0.0,27.0
2012-12-31 16:06:30,0.0,0.0,0.0,0.0,26.0
2012-12-31 16:06:31,0.0,0.0,0.0,0.0,26.5
2012-12-31 16:06:32,0.0,0.0,0.0,0.0,27.0
2012-12-31 16:06:33,0.0,0.0,0.0,0.0,26.5
2012-12-31 16:06:34,0.0,0.0,0.0,0.0,26.5
2012-12-31 16:06:35,0.0,0.0,0.0,0.0,27.0
2012-12-31 16:06:36,0.0,0.0,0.0,0.0,27.0
2012-12-31 16:06:37,0.0,0.0,0.0,0.0,26.5
2012-12-31 16:06:38,0.0,0.0,0.0,0.0,25.0
2012-12-31 16:06:39,0.0,0.0,0.0,0.0,26.0
2012-12-31 16:06:40,0.0,0.0,0.0,0.0,26.0
2012-12-31 16:06:41,0.0,0.0,0.0,0.0,26.5
2012-12-31 16:06:42,0.0,0.0,0.0,0.0,27.0
2012-12-31 16:06:43,0.0,0.0,0.0,0.0,26.0
2012-12-31 16:06:44,0.0,0.0,0.0,0.0,26.5
2012-12-31 16:06:45,0.0,0.0,0.0,0.0,27.0
2012-12-31 16:06:46,0.0,0.0,0.0,0.0,27.0
2012-12-31 16:06:47,0.0,0.0,0.0,0.0,26.5
2012-12-31 16:06:48,0.0,0.0,0.0,0.0,26.5
2012-12-31 16:06:49,0.0,0.0,0.0,0.0,26.5
2012-12-31 16:06:50,0.0,0.0,0.0,0.0,26.0
2012-12-31 16:06:51,0.0,0.0,0.0,0.0,25.0
2012-12-31 16:06:52,0.0,0.0,0.0,0.0,26.5
2012-12-31 16:06:53,0.0,0.0,0.0,0.0,29.0
2012-12-31 16:06:54,0.0,0.0,0.0,0.0,29.0
2012-12-31 16:06:55,0.0,0.0,0.0,0.0,29.0
2012-12-31 16:06:56,0.0,0.0,0.0,0.0,28.0
2012-12-31 16:06:57,0.0,0.0,0.0,0.0,28.0
2012-12-31 16:06:58,0.0,0.0,0.0,0.0,28.0
2012-12-31 16:06:59,0.0,0.0,0.0,0.0,28.0
2012-12-31 16:07:00,0.0,0.0,0.0,0.0,29.0
2012-12-31 16:07:01,0.0,0.0,0.0,0.0,29.0
2012-12-31 16:07:02,0.0,0.0,0.0,0.0,29.0
2012-12-31 16:07:03,0.0,0.0,0.0,0.0,29.0
2012-12-31 16:07:04,0.0,0.0,0.0,0.0,28.0
2012-12-31 16:07:05,0.0,0.0,0.0,0.0,28.0
2012-12-31 16:07:06,0.0,0.0,0.0,0.0,28.0
2012-12-31 16:07:07,0.0,0.0,0.0,0.0,29.0
2012-12-31 16:07:08,0.0,0.0,0.0,0.0,28.0
2012-12-31 16:07:09,0.0,0.0,0.0,0.0,28.0
2012-12-31 16:07:10,0.0,0.0,0.0,0.0,28.0
2012-12-31 16:07:11,0.0,0.0,0.0,0.0,29.0
2012-12-31 16:07:12,0.0,0.0,0.0,0.0,29.0
2012-12-31 16:07:13,0.0,0.0,0.0,0.0,29.0
2012-12-31 16:07:14,0.0,0.0,0.0,0.0,29.0
2012-12-31 16:07:15,0.0,0.0,0.0,0.0,29.0
2012-12-31 16:07:16,0.0,0.0,0.0,0.0,29.0
2012-12-31 16:07:17,0.0,0.0,0.0,0.0,28.0
2012-12-31 16:07:18,0.0,0.0,0.0,0.0,28.0
2012-12-31 16:07:19,0.0,0.0,0.0,0.0,29.0
2012-12-31 16:07:20,0.0,0.0,0.0,0.0,29.0
2012-12-31 16:07:21,0.0,0.0,0.0,0.0,29.0
2012-12-31 16:07:22,0.0,0.0,0.0,0.0,29.0
2012-12-31 16:07:23,0.0,0.0,0.0,0.0,29.0
2012-12-31 16:07:24,0.0,0.0,0.0,0.0,29.0
2012-12-31 16:07:25,0.0,0.0,0.0,0.0,29.0
2012-12-31 16:07:26,0.0,0.0,0.0,0.0,30.0
2012-12-31 16:07:27,0.0,0.0,0.0,0.0,30.0
2012-12-31 16:07:28,0.0,0.0,0.0,0.0,29.0
2012-12-31 16:07:29,0.0,0.0,0.0,0.0,29.0
2012-12-31 16:07:30,0.0,0.0,0.0,0.0,29.0
2012-12-31 16:07:31,0.0,0.0,0.0,0.0,29.0
2012-12-31 16:07:32,0.0,0.0,0.0,0.0,29.0
2012-12-31 16:07:33,0.0,0.0,0.0,0.0,29.0
2012-12-31 16:07:34,0.0,0.0,0.0,0.0,29.0
2012-12-31 16:07:35,0.0,0.0,0.0,0.0,30.0
2012-12-31 16:07:36,0.0,0.0,0.0,0.0,29.0
2012-12-31 16:07:37,0.0,0.0,0.0,0.0,29.0
2012-12-31 16:07:38,0.0,0.0,0.0,0.0,30.0
2012-12-31 16:07:39,0.0,0.0,0.0,0.0,29.0
2012-12-31 16:07:40,0.0,0.0,0.0,0.0,29.0
2012-12-31 16:07:41,0.0,0.0,0.0,0.0,30.0
2012-12-31 16:07:42,0.0,0.0,0.0,0.0,30.0
2012-12-31 16:07:43,0.0,0.0,0.0,0.0,29.0
2012-12-31 16:07:44,0.0,0.0,0.0,0.0,29.0
2012-12-31 16:07:45,0.0,0.0,0.0,0.0,29.0
2012-12-31 16:07:46,0.0,0.0,0.0,0.0,29.0
2012-12-31 16:07:47,0.0,0.0,0.0,0.0,29.0
2012-12-31 16:07:48,0.0,0.0,0.0,0.0,29.0
2012-12-31 16:07:49,0.0,0.0,0.0,0.0,30.0
2012-12-31 16:07:50,0.0,0.0,0.0,0.0,30.0
2012-12-31 16:07:51,0.0,0.0,0.0,0.0,29.0
2012-12-31 16:07:52,0.0,0.0,0.0,0.0,29.0
2012-12-31 16:07:53,0.0,0.0,0.0,0.0,29.0
2012-12-31 16:07:54,0.0,0.0,0.0,0.0,29.0
2012-12-31 16:07:55,0.0,0.0,0.0,0.0,29.0
2012-12-31 16:07:56,0.0,0.0,0.0,0.0,30.0
2012-12-31 16:07:57,0.0,0.0,0.0,0.0,30.0
2012-12-31 16:07:58,0.0,0.0,0.0,0.0,29.0
2012-12-31 16:07:59,0.0,0.0,0.0,0.0,29.0
2012-12-31 16:08:00,0.0,0.0,0.0,0.0,30.0
2012-12-31 16:08:01,0.0,0.0,0.0,0.0,29.0
2012-12-31 16:08:02,0.0,0.0,0.0,0.0,30.0
2012-12-31 16:08:03,0.0,0.0,0.0,0.0,29.0
2012-12-31 16:08:04,0.0,0.0,0.0,0.0,29.0
2012-12-31 16:08:05,0.0,0.0,0.0,0.0,30.0
2012-12-31 16:08:06,0.0,0.0,0.0,0.0,29.0
2012-12-31 16:08:07,0.0,0.0,0.0,0.0,27.0
2012-12-31 16:08:08,0.0,0.0,0.0,0.0,27.5
2012-12-31 16:08:09,0.0,0.0,0.0,0.0,27.5
2012-12-31 16:08:10,0.0,0.0,0.0,0.0,27.0
2012-12-31 16:08:11,0.0,0.0,0.0,0.0,27.0
2012-12-31 16:08:12,0.0,0.0,0.0,0.0,27.0
2012-12-31 16:08:13,0.0,0.0,0.0,0.0,27.0
2012-12-31 16:08:14,0.0,0.0,0.0,0.0,28.0
2012-12-31 16:08:15,0.0,0.0,0.0,0.0,27.0
2012-12-31 16:08:16,0.0,0.0,0.0,0.0,27.0
2012-12-31 16:08:17,0.0,0.0,0.0,0.0,27.5
2012-12-31 16:08:18,0.0,0.0,0.0,0.0,27.5
2012-12-31 16:08:19,0.0,0.0,0.0,0.0,27.0
2012-12-31 16:08:20,0.0,0.0,0.0,0.0,27.5
2012-12-31 16:08:21,0.0,0.0,0.0,0.0,27.0
2012-12-31 16:08:22,0.0,0.0,0.0,0.0,27.0
2012-12-31 16:08:23,0.0,0.0,0.0,0.0,27.0
2012-12-31 16:08:24,0.0,0.0,0.0,0.0,27.0
2012-12-31 16:08:25,0.0,0.0,0.0,0.0,27.0
2012-12-31 16:08:26,0.0,0.0,0.0,0.0,27.5
2012-12-31 16:08:27,0.0,0.0,0.0,0.0,27.0
2012-12-31 16:08:28,0.0,0.0,0.0,0.0,27.0
2012-12-31 16:08:29,0.0,0.0,0.0,0.0,27.5
2012-12-31 16:08:30,0.0,0.0,0.0,0.0,27.0
2012-12-31 16:08:31,0.0,0.0,0.0,0.0,27.0
2012-12-31 16:08:32,0.0,0.0,0.0,0.0,27.0
2012-12-31 16:08:33,0.0,0.0,0.0,0.0,27.0
2012-12-31 16:08:34,0.0,0.0,0.0,0.0,27.0
2012-12-31 16:08:35,0.0,0.0,0.0,0.0,27.0
2012-12-31 16:08:36,0.0,0.0,0.0,0.0,27.5
2012-12-31 16:08:37,0.0,0.0,0.0,0.0,27.0
2012-12-31 16:08:38,0.0,0.0,0.0,0.0,27.0
2012-12-31 16:08:39,0.0,0.0,0.0,0.0,27.0
2012-12-31 16:08:40,0.0,0.0,0.0,0.0,27.0
2012-12-31 16:08:41,0.0,0.0,0.0,0.0,27.0
2012-12-31 16:08:42,0.0,0.0,0.0,0.0,28.0
2012-12-31 16:08:43,0.0,0.0,0.0,0.0,27.0
2012-12-31 16:08:44,0.0,0.0,0.0,0.0,27.0
2012-12-31 16:08:45,0.0,0.0,0.0,0.0,27.5
2012-12-31 16:08:46,0.0,0.0,0.0,0.0,27.0
2012-12-31 16:08:47,0.0,0.0,0.0,0.0,27.0
2012-12-31 16:08:48,0.0,0.0,0.0,0.0,27.0
2012-12-31 16:08:49,0.0,0.0,0.0,0.0,27.0
2012-12-31 16:08:50,0.0,0.0,0.0,0.0,27.0
2012-12-31 16:08:51,0.0,0.0,0.0,0.0,27.0
2012-12-31 16:08:52,0.0,0.0,0.0,0.0,27.0
2012-12-31 16:08:53,0.0,0.0,0.0,0.0,27.0
2012-12-31 16:08:54,0.0,0.0,0.0,0.0,27.0
2012-12-31 16:08:55,0.0,0.0,0.0,0.0,27.0
2012-12-31 16:08:56,0.0,0.0,0.0,0.0,27.0
2012-12-31 16:08:57,0.0,0.0,0.0,0.0,27.0
2012-12-31 16:08:58,0.0,0.0,0.0,0.0,27.0
2012-12-31 16:08:59,0.0,0.0,0.0,0.0,27.0
2012-12-31 16:09:00,0.0,0.0,0.0,0.0,27.0
2012-12-31 16:09:01,0.0,0.0,0.0,0.0,27.0
2012-12-31 16:09:02,0.0,0.0,0.0,0.0,27.0
2012-12-31 16:09:03,0.0,0.0,0.0,0.0,26.5
2012-12-31 16:09:04,0.0,0.0,0.0,0.0,27.0
2012-12-31 16:09:05,0.0,0.0,0.0,0.0,27.0
2012-12-31 16:09:06,0.0,0.0,0.0,0.0,25.0
2012-12-31 16:09:07,0.0,0.0,0.0,0.0,27.0
2012-12-31 16:09:08,0.0,0.0,0.0,0.0,27.0
2012-12-31 16:09:09,0.0,0.0,0.0,0.0,27.0
2012-12-31 16:09:10,0.0,0.0,0.0,0.0,27.0
2012-12-31 16:09:11,0.0,0.0,0.0,0.0,27.0
2012-12-31 16:09:12,0.0,0.0,0.0,0.0,27.0
2012-12-31 16:09:13,0.0,0.0,0.0,0.0,27.0
2012-12-31 16:09:14,0.0,0.0,0.0,0.0,26.5
2012-12-31 16:09:15,0.0,0.0,0.0,0.0,27.0
2012-12-31 16:09:16,0.0,0.0,0.0,0.0,27.0
2012-12-31 16:09:17,0.0,0.0,0.0,0.0,27.0
2012-12-31 16:09:18,0.0,0.0,0.0,0.0,27.0
2012-12-31 16:09:19,0.0,0.0,0.0,0.0,27.0
2012-12-31 16:09:20,0.0,0.0,0.0,0.0,27.0
2012-12-31 16:09:21,0.0,0.0,0.0,0.0,27.0
2012-12-31 16:09:22,0.0,0.0,0.0,0.0,27.0
2012-12-31 16:09:23,0.0,0.0,0.0,0.0,29.0
2012-12-31 16:09:24,0.0,0.0,0.0,0.0,27.0
2012-12-31 16:09:25,0.0,0.0,0.0,0.0,27.0
2012-12-31 16:09:26,0.0,0.0,0.0,0.0,27.0
2012-12-31 16:09:27,0.0,0.0,0.0,0.0,27.0
2012-12-31 16:09:28,0.0,0.0,0.0,0.0,27.0
2012-12-31 16:09:29,0.0,0.0,0.0,0.0,27.0
2012-12-31 16:09:30,0.0,0.0,0.0,0.0,27.0
2012-12-31 16:09:31,0.0,0.0,0.0,0.0,27.0
2012-12-31 16:09:32,0.0,0.0,0.0,0.0,27.0
2012-12-31 16:09:33,0.0,0.0,0.0,0.0,27.0
2012-12-31 16:09:34,0.0,0.0,0.0,0.0,27.0
2012-12-31 16:09:35,0.0,0.0,0.0,0.0,27.0
2012-12-31 16:09:36,0.0,0.0,0.0,0.0,27.0
2012-12-31 16:09:37,0.0,0.0,0.0,0.0,27.0
2012-12-31 16:09:38,0.0,0.0,0.0,0.0,27.0
2012-12-31 16:09:39,0.0,0.0,0.0,0.0,27.0
2012-12-31 16:09:40,0.0,0.0,0.0,0.0,27.0
2012-12-31 16:09:41,0.0,0.0,0.0,0.0,27.0
2012-12-31 16:09:42,0.0,0.0,0.0,0.0,27.0
2012-12-31 16:09:43,0.0,0.0,0.0,0.0,27.0
2012-12-31 16:09:44,0.0,0.0,0.0,0.0,26.5
2012-12-31 16:09:45,0.0,0.0,0.0,0.0,27.0
2012-12-31 16:09:46,0.0,0.0,0.0,0.0,27.0
2012-12-31 16:09:47,0.0,0.0,0.0,0.0,27.0
2012-12-31 16:09:48,0.0,0.0,0.0,0.0,26.5
2012-12-31 16:09:49,0.0,0.0,0.0,0.0,26.5
2012-12-31 16:09:50,0.0,0.0,0.0,0.0,26.5
2012-12-31 16:09:51,0.0,0.0,0.0,0.0,26.5
2012-12-31 16:09:52,0.0,0.0,0.0,0.0,26.5
2012-12-31 16:09:53,0.0,0.0,0.0,0.0,27.0
2012-12-31 16:09:54,0.0,0.0,0.0,0.0,26.5
2012-12-31 16:09:55,0.0,0.0,0.0,0.0,26.5
2012-12-31 16:09:56,0.0,0.0,0.0,0.0,27.0
2012-12-31 16:09:57,0.0,0.0,0.0,0.0,26.5
2012-12-31 16:09:58,0.0,0.0,0.0,0.0,26.5
2012-12-31 16:09:59,0.0,0.0,0.0,0.0,26.5
2012-12-31 16:10:00,0.0,0.0,0.0,0.0,26.5
2012-12-31 16:10:01,0.0,0.0,0.0,0.0,26.5
2012-12-31 16:10:02,0.0,0.0,0.0,0.0,26.5
2012-12-31 16:10:03,0.0,0.0,0.0,0.0,27.0
2012-12-31 16:10:04,0.0,0.0,0.0,0.0,26.5
2012-12-31 16:10:05,0.0,0.0,0.0,0.0,27.0
2012-12-31 16:10:06,0.0,0.0,0.0,0.0,26.5
2012-12-31 16:10:07,0.0,0.0,0.0,0.0,25.0
2012-12-31 16:10:08,0.0,0.0,0.0,0.0,25.0
2012-12-31 16:10:09,0.0,0.0,0.0,0.0,25.0
2012-12-31 16:10:10,0.0,0.0,0.0,0.0,25.0
2012-12-31 16:10:11,0.0,0.0,0.0,0.0,25.0
2012-12-31 16:10:12,0.0,0.0,0.0,0.0,25.0
2012-12-31 16:10:13,0.0,0.0,0.0,0.0,25.0
2012-12-31 16:10:14,0.0,0.0,0.0,0.0,25.0
2012-12-31 16:10:15,0.0,0.0,0.0,0.0,25.0
2012-12-31 16:10:16,0.0,0.0,0.0,0.0,25.0
2012-12-31 16:10:17,0.0,0.0,0.0,0.0,25.0
2012-12-31 16:10:18,0.0,0.0,0.0,0.0,25.0
2012-12-31 16:10:19,0.0,0.0,0.0,0.0,25.0
2012-12-31 16:10:20,0.0,0.0,0.0,0.0,24.0
2012-12-31 16:10:21,0.0,0.0,0.0,0.0,25.0
2012-12-31 16:10:22,0.0,0.0,0.0,0.0,25.0
2012-12-31 16:10:23,0.0,0.0,0.0,0.0,25.0
2012-12-31 16:10:24,0.0,0.0,0.0,0.0,25.0
2012-12-31 16:10:25,0.0,0.0,0.0,0.0,25.0
2012-12-31 16:10:26,0.0,0.0,0.0,0.0,25.0
2012-12-31 16:10:27,0.0,0.0,0.0,0.0,25.0
2012-12-31 16:10:28,0.0,0.0,0.0,0.0,25.0
2012-12-31 16:10:29,0.0,0.0,0.0,0.0,25.0
2012-12-31 16:10:30,0.0,0.0,0.0,0.0,25.0
2012-12-31 16:10:31,0.0,0.0,0.0,0.0,25.0
2012-12-31 16:10:32,0.0,0.0,0.0,0.0,25.0
2012-12-31 16:10:33,0.0,0.0,0.0,0.0,25.0
2012-12-31 16:10:34,0.0,0.0,0.0,0.0,25.0
2012-12-31 16:10:35,0.0,0.0,0.0,0.0,25.0
2012-12-31 16:10:36,0.0,0.0,0.0,0.0,25.0
2012-12-31 16:10:37,0.0,0.0,0.0,0.0,24.0
2012-12-31 16:10:38,0.0,0.0,0.0,0.0,25.0
2012-12-31 16:10:39,0.0,0.0,0.0,0.0,24.0
2012-12-31 16:10:40,0.0,0.0,0.0,0.0,25.0
2012-12-31 16:10:41,0.0,0.0,0.0,0.0,25.0
2012-12-31 16:10:42,0.0,0.0,0.0,0.0,25.0
2012-12-31 16:10:43,0.0,0.0,0.0,0.0,25.0
2012-12-31 16:10:44,0.0,0.0,0.0,0.0,25.0
2012-12-31 16:10:45,0.0,0.0,0.0,0.0,25.0
2012-12-31 16:10:46,0.0,0.0,0.0,0.0,25.0
2012-12-31 16:10:47,0.0,0.0,0.0,0.0,25.0
2012-12-31 16:10:48,0.0,0.0,0.0,0.0,25.0
2012-12-31 16:10:49,0.0,0.0,0.0,0.0,25.0
2012-12-31 16:10:50,0.0,0.0,0.0,0.0,25.0
2012-12-31 16:10:51,0.0,0.0,0.0,0.0,25.0
2012-12-31 16:10:52,0.0,0.0,0.0,0.0,25.0
2012-12-31 16:10:53,0.0,0.0,0.0,0.0,25.0
2012-12-31 16:10:54,0.0,0.0,0.0,0.0,25.0
2012-12-31 16:10:55,0.0,0.0,0.0,0.0,25.0
2012-12-31 16:10:56,,,,,
2012-12-31 16:10:57,,,,,
2012-12-31 16:10:58,,,,,
2012-12-31 16:10:59,,,,,
2012-12-31 16:11:00,,,,,
2012-12-31 16:11:01,,,,,
2012-12-31 16:11:02,,,,,
2012-12-31 16:11:03,,,,,
2012-12-31 16:11:04,,,,,
2012-12-31 16:11:05,,,,,
2012-12-31 16:11:06,,,,,
2012-12-31 16:11:07,,,,,
2012-12-31 16:11:08,,,,,
2012-12-31 16:11:09,,,,,
2012-12-31 16:11:10,,,,,
2012-12-31 16:11:11,,,,,
2012-12-31 16:11:12,,,,,
2012-12-31 16:11:13,,,,,
2012-12-31 16:11:14,,,,,
2012-12-31 16:11:15,,,,,
2012-12-31 16:11:16,,,,,
2012-12-31 16:11:17,,,,,
2012-12-31 16:11:18,,,,,
2012-12-31 16:11:19,,,,,
2012-12-31 16:11:20,,,,,
2012-12-31 16:11:21,,,,,
2012-12-31 16:11:22,,,,,
2012-12-31 16:11:23,,,,,
2012-12-31 16:11:24,,,,,
2012-12-31 16:11:25,,,,,
2012-12-31 16:11:26,,,,,
2012-12-31 16:11:27,,,,,
2012-12-31 16:11:28,,,,,
2012-12-31 16:11:29,,,,,
2012-12-31 16:11:30,,,,,
2012-12-31 16:11:31,,,,,
2012-12-31 16:11:32,,,,,
2012-12-31 16:11:33,,,,,
2012-12-31 16:11:34,,,,,
2012-12-31 16:11:35,,,,,
2012-12-31 16:11:36,,,,,
2012-12-31 16:11:37,,,,,
2012-12-31 16:11:38,,,,,
2012-12-31 16:11:39,,,,,
2012-12-31 16:11:40,,,,,
2012-12-31 16:11:41,,,,,
2012-12-31 16:11:42,,,,,
2012-12-31 16:11:43,,,,,
2012-12-31 16:11:44,,,,,
2012-12-31 16:11:45,,,,,
2012-12-31 16:11:46,,,,,
2012-12-31 16:11:47,,,,,
2012-12-31 16:11:48,,,,,
2012-12-31 16:11:49,,,,,
2012-12-31 16:11:50,,,,,
2012-12-31 16:11:51,,,,,
2012-12-31 16:11:52,,,,,
2012-12-31 16:11:53,,,,,
2012-12-31 16:11:54,,,,,
2012-12-31 16:11:55,,,,,
2012-12-31 16:11:56,,,,,
2012-12-31 16:11:57,,,,,
2012-12-31 16:11:58,,,,,
2012-12-31 16:11:59,,,,,
2012-12-31 16:12:00,,,,,
2012-12-31 16:12:01,,,,,
2012-12-31 16:12:02,,,,,
2012-12-31 16:12:03,,,,,
2012-12-31 16:12:04,,,,,
2012-12-31 16:12:05,,,,,
2012-12-31 16:12:06,,,,,
2012-12-31 16:12:07,0.0,0.0,0.0,0.0,25.0
2012-12-31 16:12:08,0.0,0.0,0.0,0.0,25.0
2012-12-31 16:12:09,,,,,
2012-12-31 16:12:10,,,,,
2012-12-31 16:12:11,,,,,
2012-12-31 16:12:12,,,,,
2012-12-31 16:12:13,,,,,
2012-12-31 16:12:14,,,,,
2012-12-31 16:12:15,,,,,
2012-12-31 16:12:16,,,,,
2012-12-31 16:12:17,,,,,
2012-12-31 16:12:18,,,,,
2012-12-31 16:12:19,,,,,
2012-12-31 16:12:20,,,,,
2012-12-31 16:12:21,0.0,0.0,0.0,0.0,24.0
2012-12-31 16:12:22,0.0,0.0,0.0,0.0,24.0
2012-12-31 16:12:23,0.0,0.0,0.0,0.0,25.0
2012-12-31 16:12:24,0.0,0.0,0.0,0.0,25.0
2012-12-31 16:12:25,0.0,0.0,0.0,0.0,25.0
2012-12-31 16:12:26,0.0,0.0,0.0,0.0,24.0
2012-12-31 16:12:27,0.0,0.0,0.0,0.0,25.0
2012-12-31 16:12:28,0.0,0.0,0.0,0.0,25.0
2012-12-31 16:12:29,0.0,0.0,0.0,0.0,24.0
2012-12-31 16:12:30,0.0,0.0,0.0,0.0,25.0
2012-12-31 16:12:31,0.0,0.0,0.0,0.0,25.0
2012-12-31 16:12:32,,,,,
2012-12-31 16:12:33,,,,,
2012-12-31 16:12:34,,,,,
2012-12-31 16:12:35,,,,,
2012-12-31 16:12:36,,,,,
2012-12-31 16:12:37,,,,,
2012-12-31 16:12:38,,,,,
2012-12-31 16:12:39,,,,,
2012-12-31 16:12:40,,,,,
2012-12-31 16:12:41,,,,,
2012-12-31 16:12:42,,,,,
2012-12-31 16:12:43,,,,,
2012-12-31 16:12:44,,,,,
2012-12-31 16:12:45,,,,,
2012-12-31 16:12:46,,,,,
2012-12-31 16:12:47,,,,,
2012-12-31 16:12:48,,,,,
2012-12-31 16:12:49,,,,,
2012-12-31 16:12:50,,,,,
2012-12-31 16:12:51,,,,,
2012-12-31 16:12:52,,,,,
2012-12-31 16:12:53,,,,,
2012-12-31 16:12:54,,,,,
2012-12-31 16:12:55,,,,,
2012-12-31 16:12:56,,,,,
2012-12-31 16:12:57,,,,,
2012-12-31 16:12:58,,,,,
2012-12-31 16:12:59,,,,,
2012-12-31 16:13:00,,,,,
2012-12-31 16:13:01,,,,,
2012-12-31 16:13:02,,,,,
2012-12-31 16:13:03,0.0,0.0,0.0,0.0,29.0
2012-12-31 16:13:04,0.0,0.0,0.0,0.0,29.0
2012-12-31 16:13:05,0.0,0.0,0.0,0.0,28.0
2012-12-31 16:13:06,,,,,
2012-12-31 16:13:07,0.0,0.0,0.0,0.0,29.0
2012-12-31 16:13:08,0.0,0.0,0.0,0.0,28.0
2012-12-31 16:13:09,0.0,0.0,0.0,0.0,29.0
2012-12-31 16:13:10,0.0,0.0,0.0,0.0,29.0
2012-12-31 16:13:11,0.0,0.0,0.0,0.0,29.0
2012-12-31 16:13:12,,,,,
2012-12-31 16:13:13,0.0,0.0,0.0,0.0,28.0
2012-12-31 16:13:14,0.0,0.0,0.0,0.0,28.0
2012-12-31 16:13:15,0.0,0.0,0.0,0.0,29.0
2012-12-31 16:13:16,0.0,0.0,0.0,0.0,29.0
2012-12-31 16:13:17,0.0,0.0,0.0,0.0,28.0
2012-12-31 16:13:18,0.0,0.0,0.0,0.0,29.0
2012-12-31 16:13:19,0.0,0.0,0.0,0.0,28.0
2012-12-31 16:13:20,0.0,0.0,0.0,0.0,29.0
2012-12-31 16:13:21,0.0,0.0,0.0,0.0,29.0
2012-12-31 16:13:22,0.0,0.0,0.0,0.0,28.0
2012-12-31 16:13:23,0.0,0.0,0.0,0.0,28.0
2012-12-31 16:13:24,0.0,0.0,0.0,0.0,29.0
2012-12-31 16:13:25,0.0,0.0,0.0,0.0,28.0
2012-12-31 16:13:26,,,,,
2012-12-31 16:13:27,0.0,0.0,0.0,0.0,29.0
2012-12-31 16:13:28,0.0,0.0,0.0,0.0,28.0
2012-12-31 16:13:29,0.0,0.0,0.0,0.0,29.0
2012-12-31 16:13:30,0.0,0.0,0.0,0.0,28.0
2012-12-31 16:13:31,0.0,0.0,0.0,0.0,29.0
2012-12-31 16:13:32,0.0,0.0,0.0,0.0,28.0
2012-12-31 16:13:33,0.0,0.0,0.0,0.0,29.0
2012-12-31 16:13:34,0.0,0.0,0.0,0.0,29.0
2012-12-31 16:13:35,0.0,0.0,0.0,0.0,28.0
2012-12-31 16:13:36,0.0,0.0,0.0,0.0,28.0
2012-12-31 16:13:37,0.0,0.0,0.0,0.0,28.0
2012-12-31 16:13:38,0.0,0.0,0.0,0.0,28.0
2012-12-31 16:13:39,0.0,0.0,0.0,0.0,29.0
2012-12-31 16:13:40,0.0,0.0,0.0,0.0,29.0
2012-12-31 16:13:41,0.0,0.0,0.0,0.0,28.0
2012-12-31 16:13:42,0.0,0.0,0.0,0.0,28.0
2012-12-31 16:13:43,0.0,0.0,0.0,0.0,29.0
2012-12-31 16:13:44,0.0,0.0,0.0,0.0,29.0
2012-12-31 16:13:45,0.0,0.0,0.0,0.0,29.0
2012-12-31 16:13:46,0.0,0.0,0.0,0.0,29.0
2012-12-31 16:13:47,0.0,0.0,0.0,0.0,29.0
2012-12-31 16:13:48,0.0,0.0,0.0,0.0,28.0
2012-12-31 16:13:49,0.0,0.0,0.0,0.0,29.0
2012-12-31 16:13:50,0.0,0.0,0.0,0.0,29.0
2012-12-31 16:13:51,0.0,0.0,0.0,0.0,28.0
2012-12-31 16:13:52,0.0,0.0,0.0,0.0,28.0
2012-12-31 16:13:53,0.0,0.0,0.0,0.0,28.0
2012-12-31 16:13:54,0.0,0.0,0.0,0.0,29.0
2012-12-31 16:13:55,0.0,0.0,0.0,0.0,28.0
2012-12-31 16:13:56,0.0,0.0,0.0,0.0,29.0
2012-12-31 16:13:57,0.0,0.0,0.0,0.0,29.0
2012-12-31 16:13:58,0.0,0.0,0.0,0.0,28.0
2012-12-31 16:13:59,0.0,0.0,0.0,0.0,29.0
2012-12-31 16:14:00,,,,,
2012-12-31 16:14:01,0.0,0.0,0.0,0.0,28.0
2012-12-31 16:14:02,0.0,0.0,0.0,0.0,29.0
2012-12-31 16:14:03,0.0,0.0,0.0,0.0,29.0
2012-12-31 16:14:04,0.0,0.0,0.0,0.0,29.0
2012-12-31 16:14:05,0.0,0.0,0.0,0.0,29.0
2012-12-31 16:14:06,0.0,0.0,0.0,0.0,29.0
2012-12-31 16:14:07,0.0,0.0,0.0,0.0,29.0
2012-12-31 16:14:08,0.0,0.0,0.0,0.0,29.0
2012-12-31 16:14:09,0.0,0.0,0.0,0.0,28.0
2012-12-31 16:14:10,0.0,0.0,0.0,0.0,29.0
2012-12-31 16:14:11,,,,,
2012-12-31 16:14:12,0.0,0.0,0.0,0.0,29.0
2012-12-31 16:14:13,0.0,0.0,0.0,0.0,28.0
2012-12-31 16:14:14,0.0,0.0,0.0,0.0,28.0
2012-12-31 16:14:15,0.0,0.0,0.0,0.0,28.0
2012-12-31 16:14:16,0.0,0.0,0.0,0.0,29.0
2012-12-31 16:14:17,0.0,0.0,0.0,0.0,28.0
2012-12-31 16:14:18,0.0,0.0,0.0,0.0,28.0
2012-12-31 16:14:19,0.0,0.0,0.0,0.0,29.0
2012-12-31 16:14:20,0.0,0.0,0.0,0.0,28.0
2012-12-31 16:14:21,0.0,0.0,0.0,0.0,29.0
2012-12-31 16:14:22,0.0,0.0,0.0,0.0,28.0
2012-12-31 16:14:23,0.0,0.0,0.0,0.0,28.0
2012-12-31 16:14:24,0.0,0.0,0.0,0.0,28.0
2012-12-31 16:14:25,0.0,0.0,0.0,0.0,29.0
2012-12-31 16:14:26,0.0,0.0,0.0,0.0,28.0
2012-12-31 16:14:27,0.0,0.0,0.0,0.0,29.0
2012-12-31 16:14:28,0.0,0.0,0.0,0.0,28.0
2012-12-31 16:14:29,0.0,0.0,0.0,0.0,29.0
2012-12-31 16:14:30,0.0,0.0,0.0,0.0,29.0
2012-12-31 16:14:31,0.0,0.0,0.0,0.0,29.0
2012-12-31 16:14:32,0.0,0.0,0.0,0.0,29.0
2012-12-31 16:14:33,0.0,0.0,0.0,0.0,29.0
2012-12-31 16:14:34,,,,,
2012-12-31 16:14:35,0.0,0.0,0.0,0.0,29.0
2012-12-31 16:14:36,0.0,0.0,0.0,0.0,29.0
2012-12-31 16:14:37,0.0,0.0,0.0,0.0,29.0
2012-12-31 16:14:38,0.0,0.0,0.0,0.0,28.0
2012-12-31 16:14:39,0.0,0.0,0.0,0.0,29.0
2012-12-31 16:14:40,0.0,0.0,0.0,0.0,28.0
2012-12-31 16:14:41,0.0,0.0,0.0,0.0,28.0
2012-12-31 16:14:42,0.0,0.0,0.0,0.0,28.0
2012-12-31 16:14:43,0.0,0.0,0.0,0.0,29.0
2012-12-31 16:14:44,0.0,0.0,0.0,0.0,29.0
2012-12-31 16:14:45,0.0,0.0,0.0,0.0,28.0
2012-12-31 16:14:46,0.0,0.0,0.0,0.0,29.0
2012-12-31 16:14:47,0.0,0.0,0.0,0.0,28.0
2012-12-31 16:14:48,0.0,0.0,0.0,0.0,29.0
2012-12-31 16:14:49,0.0,0.0,0.0,0.0,28.0
2012-12-31 16:14:50,0.0,0.0,0.0,0.0,28.0
2012-12-31 16:14:51,0.0,0.0,0.0,0.0,28.0
2012-12-31 16:14:52,0.0,0.0,0.0,0.0,29.0
2012-12-31 16:14:53,0.0,0.0,0.0,0.0,29.0
2012-12-31 16:14:54,0.0,0.0,0.0,0.0,29.0
2012-12-31 16:14:55,0.0,0.0,0.0,0.0,29.0
2012-12-31 16:14:56,0.0,0.0,0.0,0.0,29.0
2012-12-31 16:14:57,0.0,0.0,0.0,0.0,29.0
2012-12-31 16:14:58,,,,,
2012-12-31 16:14:59,0.0,0.0,0.0,0.0,29.0
2012-12-31 16:15:00,0.0,0.0,0.0,0.0,29.0
2012-12-31 16:15:01,0.0,0.0,0.0,0.0,29.0
2012-12-31 16:15:02,0.0,0.0,0.0,0.0,29.0
2012-12-31 16:15:03,0.0,0.0,0.0,0.0,29.0
2012-12-31 16:15:04,0.0,0.0,0.0,0.0,29.0
2012-12-31 16:15:05,0.0,0.0,0.0,0.0,29.0
2012-12-31 16:15:06,0.0,0.0,0.0,0.0,29.0
2012-12-31 16:15:07,0.0,0.0,0.0,0.0,29.0
2012-12-31 16:15:08,0.0,0.0,0.0,0.0,29.0
2012-12-31 16:15:09,0.0,0.0,0.0,0.0,29.0
2012-12-31 16:15:10,0.0,0.0,0.0,0.0,29.0
2012-12-31 16:15:11,0.0,0.0,0.0,0.0,28.0
2012-12-31 16:15:12,0.0,0.0,0.0,0.0,29.0
2012-12-31 16:15:13,0.0,0.0,0.0,0.0,28.0
2012-12-31 16:15:14,0.0,0.0,0.0,0.0,28.0
2012-12-31 16:15:15,0.0,0.0,0.0,0.0,29.0
2012-12-31 16:15:16,0.0,0.0,0.0,0.0,29.0
2012-12-31 16:15:17,0.0,0.0,0.0,0.0,29.0
2012-12-31 16:15:18,,,,,
2012-12-31 16:15:19,0.0,0.0,0.0,0.0,29.0
2012-12-31 16:15:20,0.0,0.0,0.0,0.0,29.0
2012-12-31 16:15:21,0.0,0.0,0.0,0.0,29.0
2012-12-31 16:15:22,0.0,0.0,0.0,0.0,29.0
2012-12-31 16:15:23,0.0,0.0,0.0,0.0,29.0
2012-12-31 16:15:24,0.0,0.0,0.0,0.0,28.0
2012-12-31 16:15:25,0.0,0.0,0.0,0.0,29.0
2012-12-31 16:15:26,0.0,0.0,0.0,0.0,29.0
2012-12-31 16:15:27,0.0,0.0,0.0,0.0,29.0
2012-12-31 16:15:28,0.0,0.0,0.0,0.0,29.0
2012-12-31 16:15:29,0.0,0.0,0.0,0.0,29.0
2012-12-31 16:15:30,0.0,0.0,0.0,0.0,28.0
2012-12-31 16:15:31,0.0,0.0,0.0,0.0,28.0
2012-12-31 16:15:32,0.0,0.0,0.0,0.0,29.0
2012-12-31 16:15:33,0.0,0.0,0.0,0.0,28.0
2012-12-31 16:15:34,0.0,0.0,0.0,0.0,29.0
2012-12-31 16:15:35,0.0,0.0,0.0,0.0,29.0
2012-12-31 16:15:36,0.0,0.0,0.0,0.0,28.0
2012-12-31 16:15:37,0.0,0.0,0.0,0.0,29.0
2012-12-31 16:15:38,0.0,0.0,0.0,0.0,29.0
2012-12-31 16:15:39,0.0,0.0,0.0,0.0,28.0
2012-12-31 16:15:40,0.0,0.0,0.0,0.0,28.0
2012-12-31 16:15:41,0.0,0.0,0.0,0.0,29.0
2012-12-31 16:15:42,0.0,0.0,0.0,0.0,28.0
2012-12-31 16:15:43,0.0,0.0,0.0,0.0,29.0
2012-12-31 16:15:44,0.0,0.0,0.0,0.0,28.0
2012-12-31 16:15:45,0.0,0.0,0.0,0.0,29.0
2012-12-31 16:15:46,0.0,0.0,0.0,0.0,28.0
2012-12-31 16:15:47,0.0,0.0,0.0,0.0,28.0
2012-12-31 16:15:48,0.0,0.0,0.0,0.0,29.0
2012-12-31 16:15:49,0.0,0.0,0.0,0.0,29.0
2012-12-31 16:15:50,,,,,
2012-12-31 16:15:51,0.0,0.0,0.0,0.0,29.0
2012-12-31 16:15:52,0.0,0.0,0.0,0.0,29.0
2012-12-31 16:15:53,0.0,0.0,0.0,0.0,29.0
2012-12-31 16:15:54,0.0,0.0,0.0,0.0,29.0
2012-12-31 16:15:55,0.0,0.0,0.0,0.0,28.0
2012-12-31 16:15:56,0.0,0.0,0.0,0.0,28.0
2012-12-31 16:15:57,0.0,0.0,0.0,0.0,28.0
2012-12-31 16:15:58,0.0,0.0,0.0,0.0,28.0
2012-12-31 16:15:59,0.0,0.0,0.0,0.0,28.0
2012-12-31 16:16:00,0.0,0.0,0.0,0.0,28.0
2012-12-31 16:16:01,0.0,0.0,0.0,0.0,28.0
2012-12-31 16:16:02,0.0,0.0,0.0,0.0,29.0
2012-12-31 16:16:03,0.0,0.0,0.0,0.0,29.0
2012-12-31 16:16:04,0.0,0.0,0.0,0.0,29.0
2012-12-31 16:16:05,0.0,0.0,0.0,0.0,28.0
2012-12-31 16:16:06,0.0,0.0,0.0,0.0,29.0
2012-12-31 16:16:07,0.0,0.0,0.0,0.0,29.0
2012-12-31 16:16:08,0.0,0.0,0.0,0.0,29.0
2012-12-31 16:16:09,,,,,
2012-12-31 16:16:10,0.0,0.0,0.0,0.0,29.0
2012-12-31 16:16:11,0.0,0.0,0.0,0.0,28.0
2012-12-31 16:16:12,,,,,
2012-12-31 16:16:13,0.0,0.0,0.0,0.0,29.0
2012-12-31 16:16:14,0.0,0.0,0.0,0.0,29.0
2012-12-31 16:16:15,0.0,0.0,0.0,0.0,28.0
2012-12-31 16:16:16,0.0,0.0,0.0,0.0,28.0
2012-12-31 16:16:17,0.0,0.0,0.0,0.0,29.0
2012-12-31 16:16:18,0.0,0.0,0.0,0.0,28.0
2012-12-31 16:16:19,0.0,0.0,0.0,0.0,28.0
2012-12-31 16:16:20,0.0,0.0,0.0,0.0,28.0
2012-12-31 16:16:21,0.0,0.0,0.0,0.0,28.0
2012-12-31 16:16:22,0.0,0.0,0.0,0.0,28.0
2012-12-31 16:16:23,0.0,0.0,0.0,0.0,28.0
2012-12-31 16:16:24,0.0,0.0,0.0,0.0,29.0
2012-12-31 16:16:25,0.0,0.0,0.0,0.0,28.0
2012-12-31 16:16:26,0.0,0.0,0.0,0.0,28.0
2012-12-31 16:16:27,0.0,0.0,0.0,0.0,28.0
2012-12-31 16:16:28,0.0,0.0,0.0,0.0,29.0
2012-12-31 16:16:29,0.0,0.0,0.0,0.0,28.0
2012-12-31 16:16:30,0.0,0.0,0.0,0.0,28.0
2012-12-31 16:16:31,0.0,0.0,0.0,0.0,26.0
2012-12-31 16:16:32,0.0,0.0,0.0,0.0,27.0
2012-12-31 16:16:33,0.0,0.0,0.0,0.0,26.5
2012-12-31 16:16:34,0.0,0.0,0.0,0.0,27.0
2012-12-31 16:16:35,0.0,0.0,0.0,0.0,26.5
2012-12-31 16:16:36,0.0,0.0,0.0,0.0,27.0
2012-12-31 16:16:37,0.0,0.0,0.0,0.0,27.0
2012-12-31 16:16:38,0.0,0.0,0.0,0.0,26.5
2012-12-31 16:16:39,0.0,0.0,0.0,0.0,26.5
2012-12-31 16:16:40,0.0,0.0,0.0,0.0,27.0
2012-12-31 16:16:41,0.0,0.0,0.0,0.0,27.0
2012-12-31 16:16:42,0.0,0.0,0.0,0.0,26.5
2012-12-31 16:16:43,0.0,0.0,0.0,0.0,26.5
2012-12-31 16:16:44,0.0,0.0,0.0,0.0,26.5
2012-12-31 16:16:45,0.0,0.0,0.0,0.0,26.5
2012-12-31 16:16:46,0.0,0.0,0.0,0.0,27.0
2012-12-31 16:16:47,0.0,0.0,0.0,0.0,26.0
2012-12-31 16:16:48,0.0,0.0,0.0,0.0,26.5
2012-12-31 16:16:49,0.0,0.0,0.0,0.0,26.5
2012-12-31 16:16:50,0.0,0.0,0.0,0.0,26.0
2012-12-31 16:16:51,0.0,0.0,0.0,0.0,26.5
2012-12-31 16:16:52,0.0,0.0,0.0,0.0,26.0
2012-12-31 16:16:53,0.0,0.0,0.0,0.0,26.5
2012-12-31 16:16:54,0.0,0.0,0.0,0.0,26.0
2012-12-31 16:16:55,0.0,0.0,0.0,0.0,26.5
2012-12-31 16:16:56,0.0,0.0,0.0,0.0,27.0
2012-12-31 16:16:57,0.0,0.0,0.0,0.0,26.5
2012-12-31 16:16:58,0.0,0.0,0.0,0.0,26.0
2012-12-31 16:16:59,0.0,0.0,0.0,0.0,27.0
2012-12-31 16:17:00,0.0,0.0,0.0,0.0,26.0
2012-12-31 16:17:01,0.0,0.0,0.0,0.0,26.5
2012-12-31 16:17:02,0.0,0.0,0.0,0.0,26.0
2012-12-31 16:17:03,0.0,0.0,0.0,0.0,26.5
2012-12-31 16:17:04,0.0,0.0,0.0,0.0,26.5
2012-12-31 16:17:05,0.0,0.0,0.0,0.0,26.5
2012-12-31 16:17:06,0.0,0.0,0.0,0.0,26.5
2012-12-31 16:17:07,0.0,0.0,0.0,0.0,26.5
2012-12-31 16:17:08,0.0,0.0,0.0,0.0,26.5
2012-12-31 16:17:09,0.0,0.0,0.0,0.0,26.5
2012-12-31 16:17:10,0.0,0.0,0.0,0.0,26.5
2012-12-31 16:17:11,0.0,0.0,0.0,0.0,26.5
2012-12-31 16:17:12,0.0,0.0,0.0,0.0,26.5
2012-12-31 16:17:13,0.0,0.0,0.0,0.0,27.0
2012-12-31 16:17:14,0.0,0.0,0.0,0.0,26.0
2012-12-31 16:17:15,0.0,0.0,0.0,0.0,26.5
2012-12-31 16:17:16,0.0,0.0,0.0,0.0,26.5
2012-12-31 16:17:17,0.0,0.0,0.0,0.0,26.5
2012-12-31 16:17:18,0.0,0.0,0.0,0.0,26.5
2012-12-31 16:17:19,0.0,0.0,0.0,0.0,26.0
2012-12-31 16:17:20,0.0,0.0,0.0,0.0,26.5
2012-12-31 16:17:21,0.0,0.0,0.0,0.0,26.5
2012-12-31 16:17:22,0.0,0.0,0.0,0.0,26.5
2012-12-31 16:17:23,0.0,0.0,0.0,0.0,26.5
2012-12-31 16:17:24,0.0,0.0,0.0,0.0,26.5
2012-12-31 16:17:25,0.0,0.0,0.0,0.0,26.5
2012-12-31 16:17:26,0.0,0.0,0.0,0.0,25.0
2012-12-31 16:17:27,0.0,0.0,0.0,0.0,26.5
2012-12-31 16:17:28,0.0,0.0,0.0,0.0,26.5
2012-12-31 16:17:29,0.0,0.0,0.0,0.0,26.5
2012-12-31 16:17:30,0.0,0.0,0.0,0.0,26.5
2012-12-31 16:17:31,0.0,0.0,0.0,0.0,26.0
2012-12-31 16:17:32,0.0,0.0,0.0,0.0,26.5
2012-12-31 16:17:33,0.0,0.0,0.0,0.0,26.5
2012-12-31 16:17:34,0.0,0.0,0.0,0.0,26.5
2012-12-31 16:17:35,0.0,0.0,0.0,0.0,25.5
2012-12-31 16:17:36,0.0,0.0,0.0,0.0,26.0
2012-12-31 16:17:37,0.0,0.0,0.0,0.0,26.5
2012-12-31 16:17:38,0.0,0.0,0.0,0.0,26.5
2012-12-31 16:17:39,0.0,0.0,0.0,0.0,26.5
2012-12-31 16:17:40,0.0,0.0,0.0,0.0,26.0
2012-12-31 16:17:41,0.0,0.0,0.0,0.0,26.5
2012-12-31 16:17:42,0.0,0.0,0.0,0.0,26.5
2012-12-31 16:17:43,0.0,0.0,0.0,0.0,26.5
2012-12-31 16:17:44,0.0,0.0,0.0,0.0,26.0
2012-12-31 16:17:45,0.0,0.0,0.0,0.0,26.5
2012-12-31 16:17:46,0.0,0.0,0.0,0.0,26.0
2012-12-31 16:17:47,0.0,0.0,0.0,0.0,25.5
2012-12-31 16:17:48,0.0,0.0,0.0,0.0,26.0
2012-12-31 16:17:49,0.0,0.0,0.0,0.0,26.5
2012-12-31 16:17:50,0.0,0.0,0.0,0.0,26.0
2012-12-31 16:17:51,0.0,0.0,0.0,0.0,26.5
2012-12-31 16:17:52,0.0,0.0,0.0,0.0,26.0
2012-12-31 16:17:53,0.0,0.0,0.0,0.0,26.5
2012-12-31 16:17:54,0.0,0.0,0.0,0.0,26.5
2012-12-31 16:17:55,0.0,0.0,0.0,0.0,26.5
2012-12-31 16:17:56,0.0,0.0,0.0,0.0,26.0
2012-12-31 16:17:57,0.0,0.0,0.0,0.0,26.0
2012-12-31 16:17:58,0.0,0.0,0.0,0.0,26.0
2012-12-31 16:17:59,0.0,0.0,0.0,0.0,26.0
2012-12-31 16:18:00,0.0,0.0,0.0,0.0,25.5
2012-12-31 16:18:01,0.0,0.0,0.0,0.0,26.0
2012-12-31 16:18:02,0.0,0.0,0.0,0.0,26.5
2012-12-31 16:18:03,0.0,0.0,0.0,0.0,26.0
2012-12-31 16:18:04,0.0,0.0,0.0,0.0,26.5
2012-12-31 16:18:05,0.0,0.0,0.0,0.0,26.0
2012-12-31 16:18:06,0.0,0.0,0.0,0.0,26.5
2012-12-31 16:18:07,0.0,0.0,0.0,0.0,26.5
2012-12-31 16:18:08,0.0,0.0,0.0,0.0,26.5
2012-12-31 16:18:09,0.0,0.0,0.0,0.0,26.0
2012-12-31 16:18:10,0.0,0.0,0.0,0.0,26.5
2012-12-31 16:18:11,0.0,0.0,0.0,0.0,26.5
2012-12-31 16:18:12,0.0,0.0,0.0,0.0,26.5
2012-12-31 16:18:13,0.0,0.0,0.0,0.0,26.5
2012-12-31 16:18:14,0.0,0.0,0.0,0.0,26.5
2012-12-31 16:18:15,0.0,0.0,0.0,0.0,26.5
2012-12-31 16:18:16,0.0,0.0,0.0,0.0,26.5
2012-12-31 16:18:17,0.0,0.0,0.0,0.0,26.5
2012-12-31 16:18:18,0.0,0.0,0.0,0.0,26.5
2012-12-31 16:18:19,0.0,0.0,0.0,0.0,26.0
2012-12-31 16:18:20,0.0,0.0,0.0,0.0,26.5
2012-12-31 16:18:21,0.0,0.0,0.0,0.0,26.0
2012-12-31 16:18:22,0.0,0.0,0.0,0.0,26.0
2012-12-31 16:18:23,0.0,0.0,0.0,0.0,26.5
2012-12-31 16:18:24,0.0,0.0,0.0,0.0,26.5
2012-12-31 16:18:25,0.0,0.0,0.0,0.0,26.5
2012-12-31 16:18:26,0.0,0.0,0.0,0.0,26.0
2012-12-31 16:18:27,0.0,0.0,0.0,0.0,26.5
2012-12-31 16:18:28,0.0,0.0,0.0,0.0,28.0
2012-12-31 16:18:29,0.0,0.0,0.0,0.0,26.5
2012-12-31 16:18:30,0.0,0.0,0.0,0.0,26.5
2012-12-31 16:18:31,0.0,0.0,0.0,0.0,26.5
2012-12-31 16:18:32,0.0,0.0,0.0,0.0,26.5
2012-12-31 16:18:33,0.0,0.0,0.0,0.0,28.0
2012-12-31 16:18:34,0.0,0.0,0.0,0.0,28.0
2012-12-31 16:18:35,0.0,0.0,0.0,0.0,28.0
2012-12-31 16:18:36,0.0,0.0,0.0,0.0,28.0
2012-12-31 16:18:37,0.0,0.0,0.0,0.0,28.0
2012-12-31 16:18:38,0.0,0.0,0.0,0.0,28.0
2012-12-31 16:18:39,0.0,0.0,0.0,0.0,28.0
2012-12-31 16:18:40,0.0,0.0,0.0,0.0,28.0
2012-12-31 16:18:41,0.0,0.0,0.0,0.0,28.0
2012-12-31 16:18:42,0.0,0.0,0.0,0.0,28.0
2012-12-31 16:18:43,0.0,0.0,0.0,0.0,28.0
2012-12-31 16:18:44,0.0,0.0,0.0,0.0,28.0
2012-12-31 16:18:45,0.0,0.0,0.0,0.0,28.0
2012-12-31 16:18:46,0.0,0.0,0.0,0.0,28.0
2012-12-31 16:18:47,0.0,0.0,0.0,0.0,28.0
2012-12-31 16:18:48,0.0,0.0,0.0,0.0,28.0
2012-12-31 16:18:49,0.0,0.0,0.0,0.0,28.0
2012-12-31 16:18:50,0.0,0.0,0.0,0.0,28.0
2012-12-31 16:18:51,0.0,0.0,0.0,0.0,28.0
2012-12-31 16:18:52,0.0,0.0,0.0,0.0,28.0
2012-12-31 16:18:53,0.0,0.0,0.0,0.0,28.0
2012-12-31 16:18:54,0.0,0.0,0.0,0.0,28.0
2012-12-31 16:18:55,0.0,0.0,0.0,0.0,28.0
2012-12-31 16:18:56,0.0,0.0,0.0,0.0,28.0
2012-12-31 16:18:57,0.0,0.0,0.0,0.0,28.0
2012-12-31 16:18:58,0.0,0.0,0.0,0.0,28.0
2012-12-31 16:18:59,0.0,0.0,0.0,0.0,28.0
2012-12-31 16:19:00,0.0,0.0,0.0,0.0,28.0
2012-12-31 16:19:01,0.0,0.0,0.0,0.0,28.0
2012-12-31 16:19:02,,,,,
2012-12-31 16:19:03,0.0,0.0,0.0,0.0,28.0
2012-12-31 16:19:04,0.0,0.0,0.0,0.0,28.0
2012-12-31 16:19:05,0.0,0.0,0.0,0.0,28.0
2012-12-31 16:19:06,0.0,0.0,0.0,0.0,28.0
2012-12-31 16:19:07,0.0,0.0,0.0,0.0,28.0
2012-12-31 16:19:08,0.0,0.0,0.0,0.0,28.0
2012-12-31 16:19:09,0.0,0.0,0.0,0.0,28.0
2012-12-31 16:19:10,0.0,0.0,0.0,0.0,28.0
2012-12-31 16:19:11,0.0,0.0,0.0,0.0,29.0
2012-12-31 16:19:12,0.0,0.0,0.0,0.0,28.0
2012-12-31 16:19:13,0.0,0.0,0.0,0.0,28.0
2012-12-31 16:19:14,0.0,0.0,0.0,0.0,28.0
2012-12-31 16:19:15,0.0,0.0,0.0,0.0,28.0
2012-12-31 16:19:16,0.0,0.0,0.0,0.0,28.0
2012-12-31 16:19:17,0.0,0.0,0.0,0.0,28.0
2012-12-31 16:19:18,0.0,0.0,0.0,0.0,28.0
2012-12-31 16:19:19,0.0,0.0,0.0,0.0,28.0
2012-12-31 16:19:20,0.0,0.0,0.0,0.0,28.0
2012-12-31 16:19:21,0.0,0.0,0.0,0.0,28.0
2012-12-31 16:19:22,0.0,0.0,0.0,0.0,28.0
2012-12-31 16:19:23,0.0,0.0,0.0,0.0,28.0
2012-12-31 16:19:24,0.0,0.0,0.0,0.0,28.0
2012-12-31 16:19:25,0.0,0.0,0.0,0.0,28.0
2012-12-31 16:19:26,0.0,0.0,0.0,0.0,28.0
2012-12-31 16:19:27,0.0,0.0,0.0,0.0,28.0
2012-12-31 16:19:28,0.0,0.0,0.0,0.0,28.0
2012-12-31 16:19:29,0.0,0.0,0.0,0.0,28.0
2012-12-31 16:19:30,0.0,0.0,0.0,0.0,28.0
2012-12-31 16:19:31,0.0,0.0,0.0,0.0,28.0
2012-12-31 16:19:32,0.0,0.0,0.0,0.0,28.0
2012-12-31 16:19:33,0.0,0.0,0.0,0.0,28.0
2012-12-31 16:19:34,0.0,0.0,0.0,0.0,28.0
2012-12-31 16:19:35,0.0,0.0,0.0,0.0,28.0
2012-12-31 16:19:36,0.0,0.0,0.0,0.0,28.0
2012-12-31 16:19:37,0.0,0.0,0.0,0.0,28.0
2012-12-31 16:19:38,0.0,0.0,0.0,0.0,28.0
2012-12-31 16:19:39,0.0,0.0,0.0,0.0,28.0
2012-12-31 16:19:40,0.0,0.0,0.0,0.0,28.0
2012-12-31 16:19:41,0.0,0.0,0.0,0.0,28.0
2012-12-31 16:19:42,0.0,0.0,0.0,0.0,28.0
2012-12-31 16:19:43,0.0,0.0,0.0,0.0,28.0
2012-12-31 16:19:44,0.0,0.0,0.0,0.0,28.0
2012-12-31 16:19:45,0.0,0.0,0.0,0.0,28.0
2012-12-31 16:19:46,0.0,0.0,0.0,0.0,28.0
2012-12-31 16:19:47,0.0,0.0,0.0,0.0,28.0
2012-12-31 16:19:48,0.0,0.0,0.0,0.0,28.0
2012-12-31 16:19:49,0.0,0.0,0.0,0.0,28.0
2012-12-31 16:19:50,0.0,0.0,0.0,0.0,28.0
2012-12-31 16:19:51,0.0,0.0,0.0,0.0,28.0
2012-12-31 16:19:52,0.0,0.0,0.0,0.0,28.0
2012-12-31 16:19:53,0.0,0.0,0.0,0.0,28.0
2012-12-31 16:19:54,0.0,0.0,0.0,0.0,28.0
2012-12-31 16:19:55,0.0,0.0,0.0,0.0,28.0
2012-12-31 16:19:56,0.0,0.0,0.0,0.0,28.0
2012-12-31 16:19:57,0.0,0.0,0.0,0.0,28.0
2012-12-31 16:19:58,0.0,0.0,0.0,0.0,28.0
2012-12-31 16:19:59,,,,,
2012-12-31 16:20:00,0.0,0.0,0.0,0.0,28.0
2012-12-31 16:20:01,0.0,0.0,0.0,0.0,28.0
2012-12-31 16:20:02,0.0,0.0,0.0,0.0,28.0
2012-12-31 16:20:03,0.0,0.0,0.0,0.0,29.0
2012-12-31 16:20:04,0.0,0.0,0.0,0.0,28.0
2012-12-31 16:20:05,,,,,
2012-12-31 16:20:06,,,,,
2012-12-31 16:20:07,,,,,
2012-12-31 16:20:08,,,,,
2012-12-31 16:20:09,,,,,
2012-12-31 16:20:10,,,,,
2012-12-31 16:20:11,,,,,
2012-12-31 16:20:12,,,,,
2012-12-31 16:20:13,,,,,
2012-12-31 16:20:14,,,,,
2012-12-31 16:20:15,,,,,
2012-12-31 16:20:16,,,,,
2012-12-31 16:20:17,,,,,
2012-12-31 16:20:18,,,,,
2012-12-31 16:20:19,,,,,
2012-12-31 16:20:20,,,,,
2012-12-31 16:20:21,,,,,
2012-12-31 16:20:22,,,,,
2012-12-31 16:20:23,,,,,
2012-12-31 16:20:24,,,,,
2012-12-31 16:20:25,,,,,
2012-12-31 16:20:26,,,,,
2012-12-31 16:20:27,,,,,
2012-12-31 16:20:28,,,,,
2012-12-31 16:20:29,,,,,
2012-12-31 16:20:30,,,,,
2012-12-31 16:20:31,,,,,
2012-12-31 16:20:32,,,,,
2012-12-31 16:20:33,,,,,
2012-12-31 16:20:34,,,,,
2012-12-31 16:20:35,,,,,
2012-12-31 16:20:36,,,,,
2012-12-31 16:20:37,,,,,
2012-12-31 16:20:38,,,,,
2012-12-31 16:20:39,,,,,
2012-12-31 16:20:40,,,,,
2012-12-31 16:20:41,,,,,
2012-12-31 16:20:42,,,,,
2012-12-31 16:20:43,,,,,
2012-12-31 16:20:44,,,,,
2012-12-31 16:20:45,,,,,
2012-12-31 16:20:46,,,,,
2012-12-31 16:20:47,,,,,
2012-12-31 16:20:48,,,,,
2012-12-31 16:20:49,,,,,
2012-12-31 16:20:50,0.0,0.0,0.0,0.0,29.0
2012-12-31 16:20:51,,,,,
2012-12-31 16:20:52,0.0,0.0,0.0,0.0,28.0
2012-12-31 16:20:53,0.0,0.0,0.0,0.0,29.0
2012-12-31 16:20:54,0.0,0.0,0.0,0.0,28.0
2012-12-31 16:20:55,0.0,0.0,0.0,0.0,29.0
2012-12-31 16:20:56,0.0,0.0,0.0,0.0,28.0
2012-12-31 16:20:57,0.0,0.0,0.0,0.0,28.0
2012-12-31 16:20:58,0.0,0.0,0.0,0.0,28.0
2012-12-31 16:20:59,0.0,0.0,0.0,0.0,29.0
2012-12-31 16:21:00,0.0,0.0,0.0,0.0,29.0
2012-12-31 16:21:01,0.0,0.0,0.0,0.0,28.0
2012-12-31 16:21:02,0.0,0.0,0.0,0.0,28.0
2012-12-31 16:21:03,0.0,0.0,0.0,0.0,28.0
2012-12-31 16:21:04,0.0,0.0,0.0,0.0,28.0
2012-12-31 16:21:05,0.0,0.0,0.0,0.0,28.0
2012-12-31 16:21:06,0.0,0.0,0.0,0.0,28.0
2012-12-31 16:21:07,0.0,0.0,0.0,0.0,28.0
2012-12-31 16:21:08,0.0,0.0,0.0,0.0,29.0
2012-12-31 16:21:09,0.0,0.0,0.0,0.0,28.0
2012-12-31 16:21:10,0.0,0.0,0.0,0.0,29.0
2012-12-31 16:21:11,0.0,0.0,0.0,0.0,28.0
2012-12-31 16:21:12,0.0,0.0,0.0,0.0,29.0
2012-12-31 16:21:13,0.0,0.0,0.0,0.0,28.0
2012-12-31 16:21:14,0.0,0.0,0.0,0.0,28.0
2012-12-31 16:21:15,0.0,0.0,0.0,0.0,28.0
2012-12-31 16:21:16,0.0,0.0,0.0,0.0,28.0
2012-12-31 16:21:17,0.0,0.0,0.0,0.0,29.0
2012-12-31 16:21:18,0.0,0.0,0.0,0.0,29.0
2012-12-31 16:21:19,0.0,0.0,0.0,0.0,28.0
2012-12-31 16:21:20,0.0,0.0,0.0,0.0,28.0
2012-12-31 16:21:21,0.0,0.0,0.0,0.0,28.0
2012-12-31 16:21:22,0.0,0.0,0.0,0.0,28.0
2012-12-31 16:21:23,0.0,0.0,0.0,0.0,29.0
2012-12-31 16:21:24,0.0,0.0,0.0,0.0,28.0
2012-12-31 16:21:25,0.0,0.0,0.0,0.0,29.0
2012-12-31 16:21:26,,,,,
2012-12-31 16:21:27,0.0,0.0,0.0,0.0,28.0
2012-12-31 16:21:28,0.0,0.0,0.0,0.0,29.0
2012-12-31 16:21:29,0.0,0.0,0.0,0.0,28.0
2012-12-31 16:21:30,0.0,0.0,0.0,0.0,29.0
2012-12-31 16:21:31,0.0,0.0,0.0,0.0,29.0
2012-12-31 16:21:32,0.0,0.0,0.0,0.0,29.0
2012-12-31 16:21:33,0.0,0.0,0.0,0.0,29.0
2012-12-31 16:21:34,0.0,0.0,0.0,0.0,29.0
2012-12-31 16:21:35,0.0,0.0,0.0,0.0,28.0
2012-12-31 16:21:36,0.0,0.0,0.0,0.0,28.0
2012-12-31 16:21:37,0.0,0.0,0.0,0.0,29.0
2012-12-31 16:21:38,0.0,0.0,0.0,0.0,28.0
2012-12-31 16:21:39,0.0,0.0,0.0,0.0,28.0
2012-12-31 16:21:40,0.0,0.0,0.0,0.0,29.0
2012-12-31 16:21:41,0.0,0.0,0.0,0.0,29.0
2012-12-31 16:21:42,0.0,0.0,0.0,0.0,29.0
2012-12-31 16:21:43,0.0,0.0,0.0,0.0,28.0
2012-12-31 16:21:44,0.0,0.0,0.0,0.0,28.0
2012-12-31 16:21:45,0.0,0.0,0.0,0.0,28.0
2012-12-31 16:21:46,0.0,0.0,0.0,0.0,29.0
2012-12-31 16:21:47,0.0,0.0,0.0,0.0,29.0
2012-12-31 16:21:48,0.0,0.0,0.0,0.0,29.0
2012-12-31 16:21:49,0.0,0.0,0.0,0.0,29.0
2012-12-31 16:21:50,0.0,0.0,0.0,0.0,29.0
2012-12-31 16:21:51,0.0,0.0,0.0,0.0,29.0
2012-12-31 16:21:52,0.0,0.0,0.0,0.0,29.0
2012-12-31 16:21:53,0.0,0.0,0.0,0.0,29.0
2012-12-31 16:21:54,0.0,0.0,0.0,0.0,29.0
2012-12-31 16:21:55,0.0,0.0,0.0,0.0,29.0
2012-12-31 16:21:56,0.0,0.0,0.0,0.0,29.0
2012-12-31 16:21:57,0.0,0.0,0.0,0.0,29.0
2012-12-31 16:21:58,0.0,0.0,0.0,0.0,29.0
2012-12-31 16:21:59,0.0,0.0,0.0,0.0,28.0
2012-12-31 16:22:00,0.0,0.0,0.0,0.0,28.0
2012-12-31 16:22:01,0.0,0.0,0.0,0.0,29.0
2012-12-31 16:22:02,0.0,0.0,0.0,0.0,29.0
2012-12-31 16:22:03,0.0,0.0,0.0,0.0,28.0
2012-12-31 16:22:04,0.0,0.0,0.0,0.0,29.0
2012-12-31 16:22:05,0.0,0.0,0.0,0.0,29.0
2012-12-31 16:22:06,0.0,0.0,0.0,0.0,29.0
2012-12-31 16:22:07,0.0,0.0,0.0,0.0,28.0
2012-12-31 16:22:08,0.0,0.0,0.0,0.0,28.0
2012-12-31 16:22:09,0.0,0.0,0.0,0.0,29.0
2012-12-31 16:22:10,0.0,0.0,0.0,0.0,28.0
2012-12-31 16:22:11,0.0,0.0,0.0,0.0,28.0
2012-12-31 16:22:12,0.0,0.0,0.0,0.0,29.0
2012-12-31 16:22:13,0.0,0.0,0.0,0.0,29.0
2012-12-31 16:22:14,0.0,0.0,0.0,0.0,28.0
2012-12-31 16:22:15,0.0,0.0,0.0,0.0,28.0
2012-12-31 16:22:16,0.0,0.0,0.0,0.0,29.0
2012-12-31 16:22:17,0.0,0.0,0.0,0.0,29.0
2012-12-31 16:22:18,,,,,
2012-12-31 16:22:19,0.0,0.0,0.0,0.0,29.0
2012-12-31 16:22:20,0.0,0.0,0.0,0.0,28.0
2012-12-31 16:22:21,0.0,0.0,0.0,0.0,29.0
2012-12-31 16:22:22,0.0,0.0,0.0,0.0,29.0
2012-12-31 16:22:23,0.0,0.0,0.0,0.0,29.0
2012-12-31 16:22:24,0.0,0.0,0.0,0.0,28.0
2012-12-31 16:22:25,0.0,0.0,0.0,0.0,26.0
2012-12-31 16:22:26,0.0,0.0,0.0,0.0,26.0
2012-12-31 16:22:27,0.0,0.0,0.0,0.0,26.5
2012-12-31 16:22:28,0.0,0.0,0.0,0.0,26.5
2012-12-31 16:22:29,0.0,0.0,0.0,0.0,26.5
2012-12-31 16:22:30,0.0,0.0,0.0,0.0,26.0
2012-12-31 16:22:31,0.0,0.0,0.0,0.0,27.0
2012-12-31 16:22:32,0.0,0.0,0.0,0.0,26.0
2012-12-31 16:22:33,0.0,0.0,0.0,0.0,26.0
2012-12-31 16:22:34,0.0,0.0,0.0,0.0,26.0
2012-12-31 16:22:35,0.0,0.0,0.0,0.0,26.5
2012-12-31 16:22:36,0.0,0.0,0.0,0.0,26.5
2012-12-31 16:22:37,0.0,0.0,0.0,0.0,26.0
2012-12-31 16:22:38,0.0,0.0,0.0,0.0,26.5
2012-12-31 16:22:39,0.0,0.0,0.0,0.0,26.5
2012-12-31 16:22:40,0.0,0.0,0.0,0.0,26.5
2012-12-31 16:22:41,0.0,0.0,0.0,0.0,26.5
2012-12-31 16:22:42,0.0,0.0,0.0,0.0,28.0
2012-12-31 16:22:43,0.0,0.0,0.0,0.0,27.0
2012-12-31 16:22:44,0.0,0.0,0.0,0.0,26.5
2012-12-31 16:22:45,0.0,0.0,0.0,0.0,26.5
2012-12-31 16:22:46,0.0,0.0,0.0,0.0,26.5
2012-12-31 16:22:47,0.0,0.0,0.0,0.0,26.0
2012-12-31 16:22:48,0.0,0.0,0.0,0.0,26.5
2012-12-31 16:22:49,0.0,0.0,0.0,0.0,26.5
2012-12-31 16:22:50,0.0,0.0,0.0,0.0,26.0
2012-12-31 16:22:51,0.0,0.0,0.0,0.0,26.5
2012-12-31 16:22:52,0.0,0.0,0.0,0.0,26.0
2012-12-31 16:22:53,0.0,0.0,0.0,0.0,24.0
2012-12-31 16:22:54,0.0,0.0,0.0,0.0,25.0
2012-12-31 16:22:55,0.0,0.0,0.0,0.0,26.0
2012-12-31 16:22:56,0.0,0.0,0.0,0.0,26.5
2012-12-31 16:22:57,0.0,0.0,0.0,0.0,26.0
2012-12-31 16:22:58,0.0,0.0,0.0,0.0,26.5
2012-12-31 16:22:59,0.0,0.0,0.0,0.0,26.0
2012-12-31 16:23:00,0.0,0.0,0.0,0.0,26.5
2012-12-31 16:23:01,0.0,0.0,0.0,0.0,26.5
2012-12-31 16:23:02,0.0,0.0,0.0,0.0,25.0
2012-12-31 16:23:03,0.0,0.0,0.0,0.0,26.5
2012-12-31 16:23:04,0.0,0.0,0.0,0.0,26.5
2012-12-31 16:23:05,0.0,0.0,0.0,0.0,26.0
2012-12-31 16:23:06,0.0,0.0,0.0,0.0,26.0
2012-12-31 16:23:07,0.0,0.0,0.0,0.0,25.5
2012-12-31 16:23:08,0.0,0.0,0.0,0.0,26.5
2012-12-31 16:23:09,0.0,0.0,0.0,0.0,24.0
2012-12-31 16:23:10,0.0,0.0,0.0,0.0,26.5
2012-12-31 16:23:11,0.0,0.0,0.0,0.0,26.5
2012-12-31 16:23:12,0.0,0.0,0.0,0.0,26.0
2012-12-31 16:23:13,0.0,0.0,0.0,0.0,26.0
2012-12-31 16:23:14,0.0,0.0,0.0,0.0,26.0
2012-12-31 16:23:15,0.0,0.0,0.0,0.0,26.0
2012-12-31 16:23:16,0.0,0.0,0.0,0.0,25.5
2012-12-31 16:23:17,0.0,0.0,0.0,0.0,25.5
2012-12-31 16:23:18,0.0,0.0,0.0,0.0,26.5
2012-12-31 16:23:19,0.0,0.0,0.0,0.0,26.5
2012-12-31 16:23:20,0.0,0.0,0.0,0.0,26.0
2012-12-31 16:23:21,0.0,0.0,0.0,0.0,26.5
2012-12-31 16:23:22,0.0,0.0,0.0,0.0,26.0
2012-12-31 16:23:23,0.0,0.0,0.0,0.0,26.0
2012-12-31 16:23:24,0.0,0.0,0.0,0.0,26.0
2012-12-31 16:23:25,0.0,0.0,0.0,0.0,26.0
2012-12-31 16:23:26,0.0,0.0,0.0,0.0,26.0
2012-12-31 16:23:27,0.0,0.0,0.0,0.0,26.0
2012-12-31 16:23:28,0.0,0.0,0.0,0.0,26.5
2012-12-31 16:23:29,0.0,0.0,0.0,0.0,26.0
2012-12-31 16:23:30,0.0,0.0,0.0,0.0,26.0
2012-12-31 16:23:31,0.0,0.0,0.0,0.0,28.0
2012-12-31 16:23:32,0.0,0.0,0.0,0.0,26.0
2012-12-31 16:23:33,0.0,0.0,0.0,0.0,26.0
2012-12-31 16:23:34,0.0,0.0,0.0,0.0,26.0
2012-12-31 16:23:35,0.0,0.0,0.0,0.0,26.0
2012-12-31 16:23:36,0.0,0.0,0.0,0.0,26.0
2012-12-31 16:23:37,0.0,0.0,0.0,0.0,26.5
2012-12-31 16:23:38,0.0,0.0,0.0,0.0,26.0
2012-12-31 16:23:39,0.0,0.0,0.0,0.0,26.0
2012-12-31 16:23:40,0.0,0.0,0.0,0.0,26.0
2012-12-31 16:23:41,0.0,0.0,0.0,0.0,26.0
2012-12-31 16:23:42,0.0,0.0,0.0,0.0,26.0
2012-12-31 16:23:43,0.0,0.0,0.0,0.0,25.5
2012-12-31 16:23:44,0.0,0.0,0.0,0.0,26.0
2012-12-31 16:23:45,0.0,0.0,0.0,0.0,26.0
2012-12-31 16:23:46,0.0,0.0,0.0,0.0,26.5
2012-12-31 16:23:47,0.0,0.0,0.0,0.0,25.5
2012-12-31 16:23:48,0.0,0.0,0.0,0.0,25.5
2012-12-31 16:23:49,0.0,0.0,0.0,0.0,26.0
2012-12-31 16:23:50,0.0,0.0,0.0,0.0,26.0
2012-12-31 16:23:51,0.0,0.0,0.0,0.0,25.5
2012-12-31 16:23:52,0.0,0.0,0.0,0.0,26.5
2012-12-31 16:23:53,0.0,0.0,0.0,0.0,26.0
2012-12-31 16:23:54,0.0,0.0,0.0,0.0,25.5
2012-12-31 16:23:55,0.0,0.0,0.0,0.0,28.0
2012-12-31 16:23:56,0.0,0.0,0.0,0.0,26.5
2012-12-31 16:23:57,0.0,0.0,0.0,0.0,26.5
2012-12-31 16:23:58,0.0,0.0,0.0,0.0,26.0
2012-12-31 16:23:59,0.0,0.0,0.0,0.0,26.0
2012-12-31 16:24:00,0.0,0.0,0.0,0.0,25.5
2012-12-31 16:24:01,0.0,0.0,0.0,0.0,26.0
2012-12-31 16:24:02,0.0,0.0,0.0,0.0,26.5
2012-12-31 16:24:03,0.0,0.0,0.0,0.0,26.5
2012-12-31 16:24:04,0.0,0.0,0.0,0.0,24.0
2012-12-31 16:24:05,0.0,0.0,0.0,0.0,24.0
2012-12-31 16:24:06,0.0,0.0,0.0,0.0,25.0
2012-12-31 16:24:07,0.0,0.0,0.0,0.0,24.0
2012-12-31 16:24:08,0.0,0.0,0.0,0.0,25.0
2012-12-31 16:24:09,0.0,0.0,0.0,0.0,25.0
2012-12-31 16:24:10,0.0,0.0,0.0,0.0,24.0
2012-12-31 16:24:11,0.0,0.0,0.0,0.0,24.0
2012-12-31 16:24:12,0.0,0.0,0.0,0.0,25.0
2012-12-31 16:24:13,0.0,0.0,0.0,0.0,25.0
2012-12-31 16:24:14,0.0,0.0,0.0,0.0,25.0
2012-12-31 16:24:15,0.0,0.0,0.0,0.0,24.0
2012-12-31 16:24:16,0.0,0.0,0.0,0.0,25.0
2012-12-31 16:24:17,0.0,0.0,0.0,0.0,25.0
2012-12-31 16:24:18,0.0,0.0,0.0,0.0,25.0
2012-12-31 16:24:19,0.0,0.0,0.0,0.0,24.0
2012-12-31 16:24:20,0.0,0.0,0.0,0.0,25.0
2012-12-31 16:24:21,0.0,0.0,0.0,0.0,24.0
2012-12-31 16:24:22,0.0,0.0,0.0,0.0,25.0
2012-12-31 16:24:23,0.0,0.0,0.0,0.0,25.0
2012-12-31 16:24:24,0.0,0.0,0.0,0.0,25.0
2012-12-31 16:24:25,0.0,0.0,0.0,0.0,25.0
2012-12-31 16:24:26,0.0,0.0,0.0,0.0,24.0
2012-12-31 16:24:27,0.0,0.0,0.0,0.0,25.0
2012-12-31 16:24:28,0.0,0.0,0.0,0.0,24.0
2012-12-31 16:24:29,0.0,0.0,0.0,0.0,24.0
2012-12-31 16:24:30,0.0,0.0,0.0,0.0,25.0
2012-12-31 16:24:31,0.0,0.0,0.0,0.0,25.0
2012-12-31 16:24:32,0.0,0.0,0.0,0.0,25.0
2012-12-31 16:24:33,0.0,0.0,0.0,0.0,24.0
2012-12-31 16:24:34,0.0,0.0,0.0,0.0,24.0
2012-12-31 16:24:35,,,,,
2012-12-31 16:24:36,0.0,0.0,0.0,0.0,24.0
2012-12-31 16:24:37,0.0,0.0,0.0,0.0,24.0
2012-12-31 16:24:38,0.0,0.0,0.0,0.0,25.0
2012-12-31 16:24:39,0.0,0.0,0.0,0.0,24.0
2012-12-31 16:24:40,0.0,0.0,0.0,0.0,24.0
2012-12-31 16:24:41,0.0,0.0,0.0,0.0,24.0
2012-12-31 16:24:42,0.0,0.0,0.0,0.0,25.0
2012-12-31 16:24:43,0.0,0.0,0.0,0.0,24.0
2012-12-31 16:24:44,0.0,0.0,0.0,0.0,25.0
2012-12-31 16:24:45,0.0,0.0,0.0,0.0,25.0
2012-12-31 16:24:46,0.0,0.0,0.0,0.0,24.0
2012-12-31 16:24:47,0.0,0.0,0.0,0.0,24.0
2012-12-31 16:24:48,0.0,0.0,0.0,0.0,24.0
2012-12-31 16:24:49,0.0,0.0,0.0,0.0,24.0
2012-12-31 16:24:50,0.0,0.0,0.0,0.0,25.0
2012-12-31 16:24:51,0.0,0.0,0.0,0.0,25.0
2012-12-31 16:24:52,0.0,0.0,0.0,0.0,24.0
2012-12-31 16:24:53,0.0,0.0,0.0,0.0,25.0
2012-12-31 16:24:54,0.0,0.0,0.0,0.0,25.0
2012-12-31 16:24:55,0.0,0.0,0.0,0.0,25.0
2012-12-31 16:24:56,0.0,0.0,0.0,0.0,25.0
2012-12-31 16:24:57,0.0,0.0,0.0,0.0,24.0
2012-12-31 16:24:58,0.0,0.0,0.0,0.0,24.0
2012-12-31 16:24:59,0.0,0.0,0.0,0.0,25.0
2012-12-31 16:25:00,0.0,0.0,0.0,0.0,25.0
2012-12-31 16:25:01,0.0,0.0,0.0,0.0,25.0
2012-12-31 16:25:02,0.0,0.0,0.0,0.0,24.0
2012-12-31 16:25:03,0.0,0.0,0.0,0.0,25.0
2012-12-31 16:25:04,0.0,0.0,0.0,0.0,25.0
2012-12-31 16:25:05,0.0,0.0,0.0,0.0,25.0
2012-12-31 16:25:06,0.0,0.0,0.0,0.0,25.0
2012-12-31 16:25:07,,,,,
2012-12-31 16:25:08,0.0,0.0,0.0,0.0,25.0
2012-12-31 16:25:09,0.0,0.0,0.0,0.0,24.0
2012-12-31 16:25:10,0.0,0.0,0.0,0.0,24.0
2012-12-31 16:25:11,0.0,0.0,0.0,0.0,25.0
2012-12-31 16:25:12,0.0,0.0,0.0,0.0,25.0
2012-12-31 16:25:13,0.0,0.0,0.0,0.0,25.0
2012-12-31 16:25:14,0.0,0.0,0.0,0.0,24.0
2012-12-31 16:25:15,0.0,0.0,0.0,0.0,24.0
2012-12-31 16:25:16,0.0,0.0,0.0,0.0,25.0
2012-12-31 16:25:17,0.0,0.0,0.0,0.0,25.0
2012-12-31 16:25:18,0.0,0.0,0.0,0.0,25.0
2012-12-31 16:25:19,0.0,0.0,0.0,0.0,24.0
2012-12-31 16:25:20,0.0,0.0,0.0,0.0,25.0
2012-12-31 16:25:21,0.0,0.0,0.0,0.0,24.0
2012-12-31 16:25:22,0.0,0.0,0.0,0.0,25.0
2012-12-31 16:25:23,0.0,0.0,0.0,0.0,25.0
2012-12-31 16:25:24,0.0,0.0,0.0,0.0,25.0
2012-12-31 16:25:25,0.0,0.0,0.0,0.0,24.0
2012-12-31 16:25:26,0.0,0.0,0.0,0.0,24.0
2012-12-31 16:25:27,0.0,0.0,0.0,0.0,24.0
2012-12-31 16:25:28,0.0,0.0,0.0,0.0,24.0
2012-12-31 16:25:29,0.0,0.0,0.0,0.0,25.0
2012-12-31 16:25:30,0.0,0.0,0.0,0.0,25.0
2012-12-31 16:25:31,0.0,0.0,0.0,0.0,24.0
2012-12-31 16:25:32,0.0,0.0,0.0,0.0,25.0
2012-12-31 16:25:33,0.0,0.0,0.0,0.0,24.0
2012-12-31 16:25:34,0.0,0.0,0.0,0.0,25.0
2012-12-31 16:25:35,0.0,0.0,0.0,0.0,24.0
2012-12-31 16:25:36,0.0,0.0,0.0,0.0,25.0
2012-12-31 16:25:37,0.0,0.0,0.0,0.0,24.0
2012-12-31 16:25:38,0.0,0.0,0.0,0.0,24.0
2012-12-31 16:25:39,0.0,0.0,0.0,0.0,25.0
2012-12-31 16:25:40,0.0,0.0,0.0,0.0,25.0
2012-12-31 16:25:41,0.0,0.0,0.0,0.0,25.0
2012-12-31 16:25:42,0.0,0.0,0.0,0.0,25.0
2012-12-31 16:25:43,0.0,0.0,0.0,0.0,25.0
2012-12-31 16:25:44,0.0,0.0,0.0,0.0,24.0
2012-12-31 16:25:45,0.0,0.0,0.0,0.0,27.0
2012-12-31 16:25:46,0.0,0.0,0.0,0.0,28.0
2012-12-31 16:25:47,0.0,0.0,0.0,0.0,28.0
2012-12-31 16:25:48,0.0,0.0,0.0,0.0,28.0
2012-12-31 16:25:49,0.0,0.0,0.0,0.0,28.0
2012-12-31 16:25:50,0.0,0.0,0.0,0.0,28.0
2012-12-31 16:25:51,0.0,0.0,0.0,0.0,29.0
2012-12-31 16:25:52,0.0,0.0,0.0,0.0,28.0
2012-12-31 16:25:53,0.0,0.0,0.0,0.0,29.0
2012-12-31 16:25:54,0.0,0.0,0.0,0.0,29.0
2012-12-31 16:25:55,0.0,0.0,0.0,0.0,29.0
2012-12-31 16:25:56,0.0,0.0,0.0,0.0,29.0
2012-12-31 16:25:57,0.0,0.0,0.0,0.0,29.0
2012-12-31 16:25:58,0.0,0.0,0.0,0.0,29.0
2012-12-31 16:25:59,0.0,0.0,0.0,0.0,28.0
2012-12-31 16:26:00,0.0,0.0,0.0,0.0,27.0
2012-12-31 16:26:01,0.0,0.0,0.0,0.0,27.0
2012-12-31 16:26:02,0.0,0.0,0.0,0.0,27.0
2012-12-31 16:26:03,0.0,0.0,0.0,0.0,27.0
2012-12-31 16:26:04,0.0,0.0,0.0,0.0,27.0
2012-12-31 16:26:05,0.0,0.0,0.0,0.0,26.0
2012-12-31 16:26:06,0.0,0.0,0.0,0.0,26.0
2012-12-31 16:26:07,0.0,0.0,0.0,0.0,26.0
2012-12-31 16:26:08,0.0,0.0,0.0,0.0,26.0
2012-12-31 16:26:09,0.0,0.0,0.0,0.0,26.0
2012-12-31 16:26:10,0.0,0.0,0.0,0.0,26.0
2012-12-31 16:26:11,0.0,0.0,0.0,0.0,26.0
2012-12-31 16:26:12,0.0,0.0,0.0,0.0,26.0
2012-12-31 16:26:13,0.0,0.0,0.0,0.0,26.0
2012-12-31 16:26:14,0.0,0.0,0.0,0.0,26.0
2012-12-31 16:26:15,0.0,0.0,0.0,0.0,25.0
2012-12-31 16:26:16,0.0,0.0,0.0,0.0,26.0
2012-12-31 16:26:17,0.0,0.0,0.0,0.0,26.0
2012-12-31 16:26:18,0.0,0.0,0.0,0.0,25.0
2012-12-31 16:26:19,0.0,0.0,0.0,0.0,26.0
2012-12-31 16:26:20,0.0,0.0,0.0,0.0,25.0
2012-12-31 16:26:21,0.0,0.0,0.0,0.0,26.0
2012-12-31 16:26:22,0.0,0.0,0.0,0.0,25.0
2012-12-31 16:26:23,0.0,0.0,0.0,0.0,26.0
2012-12-31 16:26:24,0.0,0.0,0.0,0.0,26.0
2012-12-31 16:26:25,0.0,0.0,0.0,0.0,25.0
2012-12-31 16:26:26,0.0,0.0,0.0,0.0,26.0
2012-12-31 16:26:27,0.0,0.0,0.0,0.0,25.0
2012-12-31 16:26:28,0.0,0.0,0.0,0.0,25.0
2012-12-31 16:26:29,0.0,0.0,0.0,0.0,25.0
2012-12-31 16:26:30,0.0,0.0,0.0,0.0,25.0
2012-12-31 16:26:31,0.0,0.0,0.0,0.0,25.0
2012-12-31 16:26:32,0.0,0.0,0.0,0.0,25.0
2012-12-31 16:26:33,0.0,0.0,0.0,0.0,25.0
2012-12-31 16:26:34,0.0,0.0,0.0,0.0,26.0
2012-12-31 16:26:35,0.0,0.0,0.0,0.0,25.0
2012-12-31 16:26:36,0.0,0.0,0.0,0.0,25.0
2012-12-31 16:26:37,0.0,0.0,0.0,0.0,25.0
2012-12-31 16:26:38,0.0,0.0,0.0,0.0,25.0
2012-12-31 16:26:39,0.0,0.0,0.0,0.0,25.0
2012-12-31 16:26:40,0.0,0.0,0.0,0.0,25.0
2012-12-31 16:26:41,0.0,0.0,0.0,0.0,25.0
2012-12-31 16:26:42,0.0,0.0,0.0,0.0,25.0
2012-12-31 16:26:43,0.0,0.0,0.0,0.0,25.0
2012-12-31 16:26:44,0.0,0.0,0.0,0.0,25.0
2012-12-31 16:26:45,0.0,0.0,0.0,0.0,25.0
2012-12-31 16:26:46,0.0,0.0,0.0,0.0,25.0
2012-12-31 16:26:47,0.0,0.0,0.0,0.0,25.0
2012-12-31 16:26:48,0.0,0.0,0.0,0.0,25.0
2012-12-31 16:26:49,0.0,0.0,0.0,0.0,25.0
2012-12-31 16:26:50,0.0,0.0,0.0,0.0,25.0
2012-12-31 16:26:51,0.0,0.0,0.0,0.0,25.0
2012-12-31 16:26:52,0.0,0.0,0.0,0.0,25.0
2012-12-31 16:26:53,,,,,
2012-12-31 16:26:54,0.0,0.0,0.0,0.0,25.0
2012-12-31 16:26:55,0.0,0.0,0.0,0.0,25.0
2012-12-31 16:26:56,0.0,0.0,0.0,0.0,25.0
2012-12-31 16:26:57,0.0,0.0,0.0,0.0,25.0
2012-12-31 16:26:58,0.0,0.0,0.0,0.0,25.0
2012-12-31 16:26:59,0.0,0.0,0.0,0.0,25.0
2012-12-31 16:27:00,0.0,0.0,0.0,0.0,25.0
2012-12-31 16:27:01,0.0,0.0,0.0,0.0,25.0
2012-12-31 16:27:02,0.0,0.0,0.0,0.0,25.0
2012-12-31 16:27:03,0.0,0.0,0.0,0.0,24.0
2012-12-31 16:27:04,0.0,0.0,0.0,0.0,25.0
2012-12-31 16:27:05,0.0,0.0,0.0,0.0,24.0
2012-12-31 16:27:06,0.0,0.0,0.0,0.0,25.0
2012-12-31 16:27:07,0.0,0.0,0.0,0.0,25.0
2012-12-31 16:27:08,0.0,0.0,0.0,0.0,25.0
2012-12-31 16:27:09,0.0,0.0,0.0,0.0,25.0
2012-12-31 16:27:10,0.0,0.0,0.0,0.0,25.0
2012-12-31 16:27:11,0.0,0.0,0.0,0.0,25.0
2012-12-31 16:27:12,,,,,
2012-12-31 16:27:13,0.0,0.0,0.0,0.0,25.0
2012-12-31 16:27:14,0.0,0.0,0.0,0.0,25.0
2012-12-31 16:27:15,0.0,0.0,0.0,0.0,25.0
2012-12-31 16:27:16,0.0,0.0,0.0,0.0,25.0
2012-12-31 16:27:17,0.0,0.0,0.0,0.0,25.0
2012-12-31 16:27:18,0.0,0.0,0.0,0.0,25.0
2012-12-31 16:27:19,0.0,0.0,0.0,0.0,25.0
2012-12-31 16:27:20,0.0,0.0,0.0,0.0,25.0
2012-12-31 16:27:21,0.0,0.0,0.0,0.0,25.0
2012-12-31 16:27:22,0.0,0.0,0.0,0.0,25.0
2012-12-31 16:27:23,0.0,0.0,0.0,0.0,25.0
2012-12-31 16:27:24,0.0,0.0,0.0,0.0,24.0
2012-12-31 16:27:25,0.0,0.0,0.0,0.0,25.0
2012-12-31 16:27:26,0.0,0.0,0.0,0.0,25.0
2012-12-31 16:27:27,0.0,0.0,0.0,0.0,25.0
2012-12-31 16:27:28,0.0,0.0,0.0,0.0,24.0
2012-12-31 16:27:29,0.0,0.0,0.0,0.0,25.0
2012-12-31 16:27:30,0.0,0.0,0.0,0.0,25.0
2012-12-31 16:27:31,0.0,0.0,0.0,0.0,25.0
2012-12-31 16:27:32,0.0,0.0,0.0,0.0,25.0
2012-12-31 16:27:33,0.0,0.0,0.0,0.0,25.0
2012-12-31 16:27:34,0.0,0.0,0.0,0.0,24.0
2012-12-31 16:27:35,0.0,0.0,0.0,0.0,25.0
2012-12-31 16:27:36,,,,,
2012-12-31 16:27:37,0.0,0.0,0.0,0.0,24.0
2012-12-31 16:27:38,0.0,0.0,0.0,0.0,24.0
2012-12-31 16:27:39,0.0,0.0,0.0,0.0,25.0
2012-12-31 16:27:40,0.0,0.0,0.0,0.0,24.0
2012-12-31 16:27:41,0.0,0.0,0.0,0.0,25.0
2012-12-31 16:27:42,,,,,
2012-12-31 16:27:43,0.0,0.0,0.0,0.0,25.0
2012-12-31 16:27:44,0.0,0.0,0.0,0.0,25.0
2012-12-31 16:27:45,0.0,0.0,0.0,0.0,25.0
2012-12-31 16:27:46,0.0,0.0,0.0,0.0,25.0
2012-12-31 16:27:47,0.0,0.0,0.0,0.0,25.0
2012-12-31 16:27:48,0.0,0.0,0.0,0.0,24.0
2012-12-31 16:27:49,0.0,0.0,0.0,0.0,25.0
2012-12-31 16:27:50,0.0,0.0,0.0,0.0,24.0
2012-12-31 16:27:51,0.0,0.0,0.0,0.0,25.0
2012-12-31 16:27:52,0.0,0.0,0.0,0.0,25.0
2012-12-31 16:27:53,0.0,0.0,0.0,0.0,25.0
2012-12-31 16:27:54,0.0,0.0,0.0,0.0,25.0
2012-12-31 16:27:55,0.0,0.0,0.0,0.0,24.0
2012-12-31 16:27:56,0.0,0.0,0.0,0.0,24.0
2012-12-31 16:27:57,0.0,0.0,0.0,0.0,25.0
2012-12-31 16:27:58,0.0,0.0,0.0,0.0,24.0
2012-12-31 16:27:59,0.0,0.0,0.0,0.0,25.0
2012-12-31 16:28:00,0.0,0.0,0.0,0.0,25.0
2012-12-31 16:28:01,0.0,0.0,0.0,0.0,25.0
2012-12-31 16:28:02,0.0,0.0,0.0,0.0,25.0
2012-12-31 16:28:03,0.0,0.0,0.0,0.0,25.0
2012-12-31 16:28:04,0.0,0.0,0.0,0.0,25.0
2012-12-31 16:28:05,0.0,0.0,0.0,0.0,25.0
2012-12-31 16:28:06,0.0,0.0,0.0,0.0,25.0
2012-12-31 16:28:07,0.0,0.0,0.0,0.0,25.0
2012-12-31 16:28:08,0.0,0.0,0.0,0.0,25.0
2012-12-31 16:28:09,0.0,0.0,0.0,0.0,25.0
2012-12-31 16:28:10,0.0,0.0,0.0,0.0,25.0
2012-12-31 16:28:11,0.0,0.0,0.0,0.0,25.0
2012-12-31 16:28:12,0.0,0.0,0.0,0.0,25.0
2012-12-31 16:28:13,0.0,0.0,0.0,0.0,25.0
2012-12-31 16:28:14,0.0,0.0,0.0,0.0,24.0
2012-12-31 16:28:15,0.0,0.0,0.0,0.0,24.0
2012-12-31 16:28:16,0.0,0.0,0.0,0.0,25.0
2012-12-31 16:28:17,0.0,0.0,0.0,0.0,25.0
2012-12-31 16:28:18,0.0,0.0,0.0,0.0,25.0
2012-12-31 16:28:19,0.0,0.0,0.0,0.0,24.0
2012-12-31 16:28:20,0.0,0.0,0.0,0.0,25.0
2012-12-31 16:28:21,0.0,0.0,0.0,0.0,24.0
2012-12-31 16:28:22,0.0,0.0,0.0,0.0,25.0
2012-12-31 16:28:23,0.0,0.0,0.0,0.0,24.0
2012-12-31 16:28:24,0.0,0.0,0.0,0.0,25.0
2012-12-31 16:28:25,0.0,0.0,0.0,0.0,24.0
2012-12-31 16:28:26,0.0,0.0,0.0,0.0,24.0
2012-12-31 16:28:27,0.0,0.0,0.0,0.0,25.0
2012-12-31 16:28:28,0.0,0.0,0.0,0.0,25.0
2012-12-31 16:28:29,0.0,0.0,0.0,0.0,25.0
2012-12-31 16:28:30,0.0,0.0,0.0,0.0,24.0
2012-12-31 16:28:31,0.0,0.0,0.0,0.0,25.0
2012-12-31 16:28:32,0.0,0.0,0.0,0.0,25.0
2012-12-31 16:28:33,0.0,0.0,0.0,0.0,24.0
2012-12-31 16:28:34,0.0,0.0,0.0,0.0,24.0
2012-12-31 16:28:35,0.0,0.0,0.0,0.0,25.0
2012-12-31 16:28:36,0.0,0.0,0.0,0.0,24.0
2012-12-31 16:28:37,0.0,0.0,0.0,0.0,25.0
2012-12-31 16:28:38,0.0,0.0,0.0,0.0,25.0
2012-12-31 16:28:39,0.0,0.0,0.0,0.0,25.0
2012-12-31 16:28:40,0.0,0.0,0.0,0.0,25.0
2012-12-31 16:28:41,0.0,0.0,0.0,0.0,24.0
2012-12-31 16:28:42,0.0,0.0,0.0,0.0,24.0
2012-12-31 16:28:43,0.0,0.0,0.0,0.0,24.0
2012-12-31 16:28:44,,,,,
2012-12-31 16:28:45,0.0,0.0,0.0,0.0,25.0
2012-12-31 16:28:46,0.0,0.0,0.0,0.0,25.0
2012-12-31 16:28:47,0.0,0.0,0.0,0.0,24.0
2012-12-31 16:28:48,0.0,0.0,0.0,0.0,24.0
2012-12-31 16:28:49,0.0,0.0,0.0,0.0,25.0
2012-12-31 16:28:50,0.0,0.0,0.0,0.0,25.0
2012-12-31 16:28:51,0.0,0.0,0.0,0.0,25.0
2012-12-31 16:28:52,0.0,0.0,0.0,0.0,25.0
2012-12-31 16:28:53,0.0,0.0,0.0,0.0,25.0
2012-12-31 16:28:54,0.0,0.0,0.0,0.0,25.0
2012-12-31 16:28:55,0.0,0.0,0.0,0.0,25.0
2012-12-31 16:28:56,0.0,0.0,0.0,0.0,25.0
2012-12-31 16:28:57,0.0,0.0,0.0,0.0,25.0
2012-12-31 16:28:58,0.0,0.0,0.0,0.0,24.0
2012-12-31 16:28:59,0.0,0.0,0.0,0.0,25.0
2012-12-31 16:29:00,0.0,0.0,0.0,0.0,24.0
2012-12-31 16:29:01,0.0,0.0,0.0,0.0,24.0
2012-12-31 16:29:02,0.0,0.0,0.0,0.0,25.0
2012-12-31 16:29:03,0.0,0.0,0.0,0.0,25.0
2012-12-31 16:29:04,0.0,0.0,0.0,0.0,25.0
2012-12-31 16:29:05,0.0,0.0,0.0,0.0,25.0
2012-12-31 16:29:06,0.0,0.0,0.0,0.0,25.0
2012-12-31 16:29:07,0.0,0.0,0.0,0.0,25.0
2012-12-31 16:29:08,0.0,0.0,0.0,0.0,25.0
2012-12-31 16:29:09,0.0,0.0,0.0,0.0,25.0
2012-12-31 16:29:10,0.0,0.0,0.0,0.0,24.0
2012-12-31 16:29:11,0.0,0.0,0.0,0.0,25.0
2012-12-31 16:29:12,0.0,0.0,0.0,0.0,24.0
2012-12-31 16:29:13,0.0,0.0,0.0,0.0,25.0
2012-12-31 16:29:14,0.0,0.0,0.0,0.0,24.0
2012-12-31 16:29:15,0.0,0.0,0.0,0.0,25.0
2012-12-31 16:29:16,,,,,
2012-12-31 16:29:17,,,,,
2012-12-31 16:29:18,,,,,
2012-12-31 16:29:19,,,,,
2012-12-31 16:29:20,,,,,
2012-12-31 16:29:21,,,,,
2012-12-31 16:29:22,,,,,
2012-12-31 16:29:23,,,,,
2012-12-31 16:29:24,,,,,
2012-12-31 16:29:25,,,,,
2012-12-31 16:29:26,,,,,
2012-12-31 16:29:27,,,,,
2012-12-31 16:29:28,,,,,
2012-12-31 16:29:29,,,,,
2012-12-31 16:29:30,,,,,
2012-12-31 16:29:31,,,,,
2012-12-31 16:29:32,,,,,
2012-12-31 16:29:33,,,,,
2012-12-31 16:29:34,,,,,
2012-12-31 16:29:35,,,,,
2012-12-31 16:29:36,,,,,
2012-12-31 16:29:37,,,,,
2012-12-31 16:29:38,,,,,
2012-12-31 16:29:39,,,,,
2012-12-31 16:29:40,,,,,
2012-12-31 16:29:41,,,,,
2012-12-31 16:29:42,,,,,
2012-12-31 16:29:43,,,,,
2012-12-31 16:29:44,,,,,
2012-12-31 16:29:45,,,,,
2012-12-31 16:29:46,,,,,
2012-12-31 16:29:47,,,,,
2012-12-31 16:29:48,,,,,
2012-12-31 16:29:49,,,,,
2012-12-31 16:29:50,,,,,
2012-12-31 16:29:51,,,,,
2012-12-31 16:29:52,,,,,
2012-12-31 16:29:53,,,,,
2012-12-31 16:29:54,,,,,
2012-12-31 16:29:55,,,,,
2012-12-31 16:29:56,,,,,
2012-12-31 16:29:57,,,,,
2012-12-31 16:29:58,,,,,
2012-12-31 16:29:59,,,,,
2012-12-31 16:30:00,,,,,
2012-12-31 16:30:01,,,,,
2012-12-31 16:30:02,,,,,
2012-12-31 16:30:03,,,,,
2012-12-31 16:30:04,,,,,
2012-12-31 16:30:05,,,,,
2012-12-31 16:30:06,,,,,
2012-12-31 16:30:07,,,,,
2012-12-31 16:30:08,,,,,
2012-12-31 16:30:09,,,,,
2012-12-31 16:30:10,,,,,
2012-12-31 16:30:11,,,,,
2012-12-31 16:30:12,,,,,
2012-12-31 16:30:13,,,,,
2012-12-31 16:30:14,,,,,
2012-12-31 16:30:15,,,,,
2012-12-31 16:30:16,,,,,
2012-12-31 16:30:17,,,,,
2012-12-31 16:30:18,,,,,
2012-12-31 16:30:19,,,,,
2012-12-31 16:30:20,,,,,
2012-12-31 16:30:21,,,,,
2012-12-31 16:30:22,,,,,
2012-12-31 16:30:23,,,,,
2012-12-31 16:30:24,,,,,
2012-12-31 16:30:25,,,,,
2012-12-31 16:30:26,,,,,
2012-12-31 16:30:27,,,,,
2012-12-31 16:30:28,,,,,
2012-12-31 16:30:29,,,,,
2012-12-31 16:30:30,,,,,
2012-12-31 16:30:31,,,,,
2012-12-31 16:30:32,,,,,
2012-12-31 16:30:33,,,,,
2012-12-31 16:30:34,,,,,
2012-12-31 16:30:35,,,,,
2012-12-31 16:30:36,,,,,
2012-12-31 16:30:37,,,,,
2012-12-31 16:30:38,,,,,
2012-12-31 16:30:39,,,,,
2012-12-31 16:30:40,,,,,
2012-12-31 16:30:41,,,,,
2012-12-31 16:30:42,,,,,
2012-12-31 16:30:43,,,,,
2012-12-31 16:30:44,,,,,
2012-12-31 16:30:45,,,,,
2012-12-31 16:30:46,,,,,
2012-12-31 16:30:47,,,,,
2012-12-31 16:30:48,,,,,
2012-12-31 16:30:49,,,,,
2012-12-31 16:30:50,,,,,
2012-12-31 16:30:51,,,,,
2012-12-31 16:30:52,,,,,
2012-12-31 16:30:53,,,,,
2012-12-31 16:30:54,,,,,
2012-12-31 16:30:55,,,,,
2012-12-31 16:30:56,,,,,
2012-12-31 16:30:57,,,,,
2012-12-31 16:30:58,,,,,
2012-12-31 16:30:59,,,,,
2012-12-31 16:31:00,,,,,
2012-12-31 16:31:01,,,,,
2012-12-31 16:31:02,,,,,
2012-12-31 16:31:03,,,,,
2012-12-31 16:31:04,,,,,
2012-12-31 16:31:05,,,,,
2012-12-31 16:31:06,,,,,
2012-12-31 16:31:07,,,,,
2012-12-31 16:31:08,,,,,
2012-12-31 16:31:09,,,,,
2012-12-31 16:31:10,,,,,
2012-12-31 16:31:11,,,,,
2012-12-31 16:31:12,,,,,
2012-12-31 16:31:13,,,,,
2012-12-31 16:31:14,,,,,
2012-12-31 16:31:15,,,,,
2012-12-31 16:31:16,,,,,
2012-12-31 16:31:17,,,,,
2012-12-31 16:31:18,,,,,
2012-12-31 16:31:19,,,,,
2012-12-31 16:31:20,,,,,
2012-12-31 16:31:21,,,,,
2012-12-31 16:31:22,,,,,
2012-12-31 16:31:23,,,,,
2012-12-31 16:31:24,,,,,
2012-12-31 16:31:25,,,,,
2012-12-31 16:31:26,,,,,
2012-12-31 16:31:27,,,,,
2012-12-31 16:31:28,,,,,
2012-12-31 16:31:29,,,,,
2012-12-31 16:31:30,,,,,
2012-12-31 16:31:31,,,,,
2012-12-31 16:31:32,,,,,
2012-12-31 16:31:33,,,,,
2012-12-31 16:31:34,,,,,
2012-12-31 16:31:35,,,,,
2012-12-31 16:31:36,,,,,
2012-12-31 16:31:37,,,,,
2012-12-31 16:31:38,,,,,
2012-12-31 16:31:39,,,,,
2012-12-31 16:31:40,,,,,
2012-12-31 16:31:41,,,,,
2012-12-31 16:31:42,,,,,
2012-12-31 16:31:43,,,,,
2012-12-31 16:31:44,,,,,
2012-12-31 16:31:45,,,,,
2012-12-31 16:31:46,,,,,
2012-12-31 16:31:47,,,,,
2012-12-31 16:31:48,,,,,
2012-12-31 16:31:49,,,,,
2012-12-31 16:31:50,,,,,
2012-12-31 16:31:51,,,,,
2012-12-31 16:31:52,,,,,
2012-12-31 16:31:53,,,,,
2012-12-31 16:31:54,,,,,
2012-12-31 16:31:55,,,,,
2012-12-31 16:31:56,,,,,
2012-12-31 16:31:57,,,,,
2012-12-31 16:31:58,,,,,
2012-12-31 16:31:59,,,,,
2012-12-31 16:32:00,,,,,
2012-12-31 16:32:01,,,,,
2012-12-31 16:32:02,,,,,
2012-12-31 16:32:03,,,,,
2012-12-31 16:32:04,,,,,
2012-12-31 16:32:05,,,,,
2012-12-31 16:32:06,,,,,
2012-12-31 16:32:07,,,,,
2012-12-31 16:32:08,,,,,
2012-12-31 16:32:09,,,,,
2012-12-31 16:32:10,,,,,
2012-12-31 16:32:11,,,,,
2012-12-31 16:32:12,,,,,
2012-12-31 16:32:13,,,,,
2012-12-31 16:32:14,,,,,
2012-12-31 16:32:15,,,,,
2012-12-31 16:32:16,,,,,
2012-12-31 16:32:17,,,,,
2012-12-31 16:32:18,,,,,
2012-12-31 16:32:19,,,,,
2012-12-31 16:32:20,,,,,
2012-12-31 16:32:21,0.0,0.0,0.0,0.0,25.0
2012-12-31 16:32:22,0.0,0.0,0.0,0.0,25.0
2012-12-31 16:32:23,0.0,0.0,0.0,0.0,25.0
2012-12-31 16:32:24,0.0,0.0,0.0,0.0,24.0
2012-12-31 16:32:25,0.0,0.0,0.0,0.0,25.0
2012-12-31 16:32:26,0.0,0.0,0.0,0.0,25.0
2012-12-31 16:32:27,0.0,0.0,0.0,0.0,25.0
2012-12-31 16:32:28,0.0,0.0,0.0,0.0,25.0
2012-12-31 16:32:29,0.0,0.0,0.0,0.0,25.0
2012-12-31 16:32:30,0.0,0.0,0.0,0.0,25.0
2012-12-31 16:32:31,0.0,0.0,0.0,0.0,25.0
2012-12-31 16:32:32,0.0,0.0,0.0,0.0,25.0
2012-12-31 16:32:33,0.0,0.0,0.0,0.0,25.0
2012-12-31 16:32:34,0.0,0.0,0.0,0.0,25.0
2012-12-31 16:32:35,0.0,0.0,0.0,0.0,25.0
2012-12-31 16:32:36,0.0,0.0,0.0,0.0,25.0
2012-12-31 16:32:37,0.0,0.0,0.0,0.0,25.0
2012-12-31 16:32:38,0.0,0.0,0.0,0.0,25.0
2012-12-31 16:32:39,0.0,0.0,0.0,0.0,25.0
2012-12-31 16:32:40,0.0,0.0,0.0,0.0,25.0
2012-12-31 16:32:41,0.0,0.0,0.0,0.0,24.0
2012-12-31 16:32:42,0.0,0.0,0.0,0.0,25.0
2012-12-31 16:32:43,0.0,0.0,0.0,0.0,25.0
2012-12-31 16:32:44,0.0,0.0,0.0,0.0,25.0
2012-12-31 16:32:45,0.0,0.0,0.0,0.0,25.0
2012-12-31 16:32:46,0.0,0.0,0.0,0.0,25.0
2012-12-31 16:32:47,0.0,0.0,0.0,0.0,25.0
2012-12-31 16:32:48,0.0,0.0,0.0,0.0,24.0
2012-12-31 16:32:49,0.0,0.0,0.0,0.0,25.0
2012-12-31 16:32:50,0.0,0.0,0.0,0.0,25.0
2012-12-31 16:32:51,0.0,0.0,0.0,0.0,25.0
2012-12-31 16:32:52,0.0,0.0,0.0,0.0,25.0
2012-12-31 16:32:53,0.0,0.0,0.0,0.0,25.0
2012-12-31 16:32:54,0.0,0.0,0.0,0.0,25.0
2012-12-31 16:32:55,0.0,0.0,0.0,0.0,25.0
2012-12-31 16:32:56,0.0,0.0,0.0,0.0,25.0
2012-12-31 16:32:57,0.0,0.0,0.0,0.0,25.0
2012-12-31 16:32:58,0.0,0.0,0.0,0.0,25.0
2012-12-31 16:32:59,0.0,0.0,0.0,0.0,25.0
2012-12-31 16:33:00,0.0,0.0,0.0,0.0,25.0
2012-12-31 16:33:01,0.0,0.0,0.0,0.0,25.0
2012-12-31 16:33:02,0.0,0.0,0.0,0.0,25.0
2012-12-31 16:33:03,0.0,0.0,0.0,0.0,25.0
2012-12-31 16:33:04,0.0,0.0,0.0,0.0,24.0
2012-12-31 16:33:05,0.0,0.0,0.0,0.0,24.0
2012-12-31 16:33:06,0.0,0.0,0.0,0.0,25.0
2012-12-31 16:33:07,0.0,0.0,0.0,0.0,25.0
2012-12-31 16:33:08,0.0,0.0,0.0,0.0,24.0
2012-12-31 16:33:09,0.0,0.0,0.0,0.0,25.0
2012-12-31 16:33:10,0.0,0.0,0.0,0.0,25.0
2012-12-31 16:33:11,0.0,0.0,0.0,0.0,25.0
2012-12-31 16:33:12,0.0,0.0,0.0,0.0,25.0
2012-12-31 16:33:13,0.0,0.0,0.0,0.0,25.0
2012-12-31 16:33:14,0.0,0.0,0.0,0.0,25.0
2012-12-31 16:33:15,0.0,0.0,0.0,0.0,25.0
2012-12-31 16:33:16,0.0,0.0,0.0,0.0,25.0
2012-12-31 16:33:17,0.0,0.0,0.0,0.0,25.0
2012-12-31 16:33:18,0.0,0.0,0.0,0.0,25.0
2012-12-31 16:33:19,0.0,0.0,0.0,0.0,25.0
2012-12-31 16:33:20,0.0,0.0,0.0,0.0,25.0
2012-12-31 16:33:21,0.0,0.0,0.0,0.0,24.0
2012-12-31 16:33:22,0.0,0.0,0.0,0.0,25.0
2012-12-31 16:33:23,0.0,0.0,0.0,0.0,24.0
2012-12-31 16:33:24,0.0,0.0,0.0,0.0,24.0
2012-12-31 16:33:25,0.0,0.0,0.0,0.0,24.0
2012-12-31 16:33:26,0.0,0.0,0.0,0.0,25.0
2012-12-31 16:33:27,0.0,0.0,0.0,0.0,25.0
2012-12-31 16:33:28,0.0,0.0,0.0,0.0,25.0
2012-12-31 16:33:29,0.0,0.0,0.0,0.0,25.0
2012-12-31 16:33:30,0.0,0.0,0.0,0.0,25.0
2012-12-31 16:33:31,0.0,0.0,0.0,0.0,25.0
2012-12-31 16:33:32,0.0,0.0,0.0,0.0,24.0
2012-12-31 16:33:33,0.0,0.0,0.0,0.0,25.0
2012-12-31 16:33:34,0.0,0.0,0.0,0.0,24.0
2012-12-31 16:33:35,0.0,0.0,0.0,0.0,24.0
2012-12-31 16:33:36,0.0,0.0,0.0,0.0,25.0
2012-12-31 16:33:37,0.0,0.0,0.0,0.0,24.0
2012-12-31 16:33:38,0.0,0.0,0.0,0.0,25.0
2012-12-31 16:33:39,0.0,0.0,0.0,0.0,25.0
2012-12-31 16:33:40,0.0,0.0,0.0,0.0,25.0
2012-12-31 16:33:41,0.0,0.0,0.0,0.0,25.0
2012-12-31 16:33:42,0.0,0.0,0.0,0.0,25.0
2012-12-31 16:33:43,0.0,0.0,0.0,0.0,25.0
2012-12-31 16:33:44,0.0,0.0,0.0,0.0,24.0
2012-12-31 16:33:45,0.0,0.0,0.0,0.0,25.0
2012-12-31 16:33:46,0.0,0.0,0.0,0.0,24.0
2012-12-31 16:33:47,,,,,
2012-12-31 16:33:48,0.0,0.0,0.0,0.0,25.0
2012-12-31 16:33:49,0.0,0.0,0.0,0.0,25.0
2012-12-31 16:33:50,0.0,0.0,0.0,0.0,25.0
2012-12-31 16:33:51,0.0,0.0,0.0,0.0,25.0
2012-12-31 16:33:52,0.0,0.0,0.0,0.0,25.0
2012-12-31 16:33:53,0.0,0.0,0.0,0.0,25.0
2012-12-31 16:33:54,0.0,0.0,0.0,0.0,24.0
2012-12-31 16:33:55,,,,,
2012-12-31 16:33:56,0.0,0.0,0.0,0.0,25.0
2012-12-31 16:33:57,0.0,0.0,0.0,0.0,24.0
2012-12-31 16:33:58,0.0,0.0,0.0,0.0,25.0
2012-12-31 16:33:59,0.0,0.0,0.0,0.0,25.0
2012-12-31 16:34:00,0.0,0.0,0.0,0.0,25.0
2012-12-31 16:34:01,0.0,0.0,0.0,0.0,24.0
2012-12-31 16:34:02,0.0,0.0,0.0,0.0,24.0
2012-12-31 16:34:03,0.0,0.0,0.0,0.0,24.0
2012-12-31 16:34:04,0.0,0.0,0.0,0.0,25.0
2012-12-31 16:34:05,0.0,0.0,0.0,0.0,25.0
2012-12-31 16:34:06,0.0,0.0,0.0,0.0,25.0
2012-12-31 16:34:07,0.0,0.0,0.0,0.0,25.0
2012-12-31 16:34:08,0.0,0.0,0.0,0.0,25.0
2012-12-31 16:34:09,0.0,0.0,0.0,0.0,25.0
2012-12-31 16:34:10,0.0,0.0,0.0,0.0,25.0
2012-12-31 16:34:11,0.0,0.0,0.0,0.0,25.0
2012-12-31 16:34:12,0.0,0.0,0.0,0.0,25.0
2012-12-31 16:34:13,0.0,0.0,0.0,0.0,25.0
2012-12-31 16:34:14,0.0,0.0,0.0,0.0,24.0
2012-12-31 16:34:15,0.0,0.0,0.0,0.0,24.0
2012-12-31 16:34:16,,,,,
2012-12-31 16:34:17,0.0,0.0,0.0,0.0,24.0
2012-12-31 16:34:18,0.0,0.0,0.0,0.0,24.0
2012-12-31 16:34:19,0.0,0.0,0.0,0.0,24.0
2012-12-31 16:34:20,0.0,0.0,0.0,0.0,24.0
2012-12-31 16:34:21,0.0,0.0,0.0,0.0,24.0
2012-12-31 16:34:22,0.0,0.0,0.0,0.0,24.0
2012-12-31 16:34:23,0.0,0.0,0.0,0.0,24.0
2012-12-31 16:34:24,0.0,0.0,0.0,0.0,24.0
2012-12-31 16:34:25,0.0,0.0,0.0,0.0,24.0
2012-12-31 16:34:26,0.0,0.0,0.0,0.0,25.0
2012-12-31 16:34:27,0.0,0.0,0.0,0.0,25.0
2012-12-31 16:34:28,0.0,0.0,0.0,0.0,24.0
2012-12-31 16:34:29,0.0,0.0,0.0,0.0,24.0
2012-12-31 16:34:30,0.0,0.0,0.0,0.0,24.0
2012-12-31 16:34:31,0.0,0.0,0.0,0.0,24.0
2012-12-31 16:34:32,0.0,0.0,0.0,0.0,24.0
2012-12-31 16:34:33,,,,,
2012-12-31 16:34:34,0.0,0.0,0.0,0.0,24.0
2012-12-31 16:34:35,0.0,0.0,0.0,0.0,24.0
2012-12-31 16:34:36,0.0,0.0,0.0,0.0,24.0
2012-12-31 16:34:37,0.0,0.0,0.0,0.0,24.0
2012-12-31 16:34:38,0.0,0.0,0.0,0.0,24.0
2012-12-31 16:34:39,0.0,0.0,0.0,0.0,24.0
2012-12-31 16:34:40,0.0,0.0,0.0,0.0,25.0
2012-12-31 16:34:41,0.0,0.0,0.0,0.0,24.0
2012-12-31 16:34:42,0.0,0.0,0.0,0.0,24.0
2012-12-31 16:34:43,0.0,0.0,0.0,0.0,25.0
2012-12-31 16:34:44,0.0,0.0,0.0,0.0,25.0
2012-12-31 16:34:45,0.0,0.0,0.0,0.0,25.0
2012-12-31 16:34:46,0.0,0.0,0.0,0.0,24.0
2012-12-31 16:34:47,0.0,0.0,0.0,0.0,25.0
2012-12-31 16:34:48,0.0,0.0,0.0,0.0,24.0
2012-12-31 16:34:49,0.0,0.0,0.0,0.0,24.0
2012-12-31 16:34:50,0.0,0.0,0.0,0.0,24.0
2012-12-31 16:34:51,0.0,0.0,0.0,0.0,24.0
2012-12-31 16:34:52,0.0,0.0,0.0,0.0,24.0
2012-12-31 16:34:53,0.0,0.0,0.0,0.0,24.0
2012-12-31 16:34:54,0.0,0.0,0.0,0.0,24.0
2012-12-31 16:34:55,0.0,0.0,0.0,0.0,24.0
2012-12-31 16:34:56,0.0,0.0,0.0,0.0,24.0
2012-12-31 16:34:57,0.0,0.0,0.0,0.0,24.0
2012-12-31 16:34:58,0.0,0.0,0.0,0.0,24.0
2012-12-31 16:34:59,0.0,0.0,0.0,0.0,24.0
2012-12-31 16:35:00,0.0,0.0,0.0,0.0,24.0
2012-12-31 16:35:01,0.0,0.0,0.0,0.0,24.0
2012-12-31 16:35:02,0.0,0.0,0.0,0.0,24.0
2012-12-31 16:35:03,0.0,0.0,0.0,0.0,24.0
2012-12-31 16:35:04,0.0,0.0,0.0,0.0,24.0
2012-12-31 16:35:05,0.0,0.0,0.0,0.0,24.0
2012-12-31 16:35:06,0.0,0.0,0.0,0.0,24.0
2012-12-31 16:35:07,0.0,0.0,0.0,0.0,24.0
2012-12-31 16:35:08,0.0,0.0,0.0,0.0,24.0
2012-12-31 16:35:09,0.0,0.0,0.0,0.0,24.0
2012-12-31 16:35:10,0.0,0.0,0.0,0.0,24.0
2012-12-31 16:35:11,0.0,0.0,0.0,0.0,25.0
2012-12-31 16:35:12,0.0,0.0,0.0,0.0,24.0
2012-12-31 16:35:13,0.0,0.0,0.0,0.0,24.0
2012-12-31 16:35:14,0.0,0.0,0.0,0.0,24.0
2012-12-31 16:35:15,0.0,0.0,0.0,0.0,24.0
2012-12-31 16:35:16,0.0,0.0,0.0,0.0,24.0
2012-12-31 16:35:17,0.0,0.0,0.0,0.0,24.0
2012-12-31 16:35:18,0.0,0.0,0.0,0.0,24.0
2012-12-31 16:35:19,0.0,0.0,0.0,0.0,24.0
2012-12-31 16:35:20,0.0,0.0,0.0,0.0,24.0
2012-12-31 16:35:21,0.0,0.0,0.0,0.0,24.0
2012-12-31 16:35:22,0.0,0.0,0.0,0.0,24.0
2012-12-31 16:35:23,0.0,0.0,0.0,0.0,24.0
2012-12-31 16:35:24,0.0,0.0,0.0,0.0,24.0
2012-12-31 16:35:25,0.0,0.0,0.0,0.0,24.0
2012-12-31 16:35:26,0.0,0.0,0.0,0.0,24.0
2012-12-31 16:35:27,0.0,0.0,0.0,0.0,25.0
2012-12-31 16:35:28,0.0,0.0,0.0,0.0,24.0
2012-12-31 16:35:29,0.0,0.0,0.0,0.0,25.0
2012-12-31 16:35:30,0.0,0.0,0.0,0.0,24.0
2012-12-31 16:35:31,0.0,0.0,0.0,0.0,24.0
2012-12-31 16:35:32,0.0,0.0,0.0,0.0,24.0
2012-12-31 16:35:33,0.0,0.0,0.0,0.0,24.0
2012-12-31 16:35:34,0.0,0.0,0.0,0.0,24.0
2012-12-31 16:35:35,0.0,0.0,0.0,0.0,24.0
2012-12-31 16:35:36,0.0,0.0,0.0,0.0,24.0
2012-12-31 16:35:37,0.0,0.0,0.0,0.0,24.0
2012-12-31 16:35:38,0.0,0.0,0.0,0.0,24.0
2012-12-31 16:35:39,0.0,0.0,0.0,0.0,24.0
2012-12-31 16:35:40,0.0,0.0,0.0,0.0,24.0
2012-12-31 16:35:41,0.0,0.0,0.0,0.0,24.0
2012-12-31 16:35:42,0.0,0.0,0.0,0.0,24.0
2012-12-31 16:35:43,0.0,0.0,0.0,0.0,24.0
2012-12-31 16:35:44,0.0,0.0,0.0,0.0,24.0
2012-12-31 16:35:45,0.0,0.0,0.0,0.0,24.0
2012-12-31 16:35:46,0.0,0.0,0.0,0.0,24.0
2012-12-31 16:35:47,0.0,0.0,0.0,0.0,24.0
2012-12-31 16:35:48,0.0,0.0,0.0,0.0,24.0
2012-12-31 16:35:49,0.0,0.0,0.0,0.0,25.0
2012-12-31 16:35:50,0.0,0.0,0.0,0.0,25.0
2012-12-31 16:35:51,0.0,0.0,0.0,0.0,24.0
2012-12-31 16:35:52,0.0,0.0,0.0,0.0,24.0
2012-12-31 16:35:53,0.0,0.0,0.0,0.0,24.0
2012-12-31 16:35:54,0.0,0.0,0.0,0.0,25.0
2012-12-31 16:35:55,0.0,0.0,0.0,0.0,24.0
2012-12-31 16:35:56,0.0,0.0,0.0,0.0,25.0
2012-12-31 16:35:57,0.0,0.0,0.0,0.0,25.0
2012-12-31 16:35:58,0.0,0.0,0.0,0.0,24.0
2012-12-31 16:35:59,0.0,0.0,0.0,0.0,24.0
2012-12-31 16:36:00,0.0,0.0,0.0,0.0,25.0
2012-12-31 16:36:01,0.0,0.0,0.0,0.0,24.0
2012-12-31 16:36:02,0.0,0.0,0.0,0.0,24.0
2012-12-31 16:36:03,0.0,0.0,0.0,0.0,24.0
2012-12-31 16:36:04,0.0,0.0,0.0,0.0,25.0
2012-12-31 16:36:05,0.0,0.0,0.0,0.0,24.0
2012-12-31 16:36:06,0.0,0.0,0.0,0.0,24.0
2012-12-31 16:36:07,0.0,0.0,0.0,0.0,25.0
2012-12-31 16:36:08,0.0,0.0,0.0,0.0,24.0
2012-12-31 16:36:09,0.0,0.0,0.0,0.0,24.0
2012-12-31 16:36:10,0.0,0.0,0.0,0.0,24.0
2012-12-31 16:36:11,0.0,0.0,0.0,0.0,24.0
2012-12-31 16:36:12,0.0,0.0,0.0,0.0,24.0
2012-12-31 16:36:13,0.0,0.0,0.0,0.0,24.0
2012-12-31 16:36:14,0.0,0.0,0.0,0.0,24.0
2012-12-31 16:36:15,0.0,0.0,0.0,0.0,25.0
2012-12-31 16:36:16,0.0,0.0,0.0,0.0,24.0
2012-12-31 16:36:17,0.0,0.0,0.0,0.0,24.0
2012-12-31 16:36:18,0.0,0.0,0.0,0.0,24.0
2012-12-31 16:36:19,0.0,0.0,0.0,0.0,25.0
2012-12-31 16:36:20,0.0,0.0,0.0,0.0,24.0
2012-12-31 16:36:21,0.0,0.0,0.0,0.0,24.0
2012-12-31 16:36:22,0.0,0.0,0.0,0.0,25.0
2012-12-31 16:36:23,0.0,0.0,0.0,0.0,24.0
2012-12-31 16:36:24,0.0,0.0,0.0,0.0,25.0
2012-12-31 16:36:25,,,,,
2012-12-31 16:36:26,0.0,0.0,0.0,0.0,24.0
2012-12-31 16:36:27,0.0,0.0,0.0,0.0,25.0
2012-12-31 16:36:28,0.0,0.0,0.0,0.0,25.0
2012-12-31 16:36:29,0.0,0.0,0.0,0.0,24.0
2012-12-31 16:36:30,0.0,0.0,0.0,0.0,25.0
2012-12-31 16:36:31,0.0,0.0,0.0,0.0,24.0
2012-12-31 16:36:32,0.0,0.0,0.0,0.0,25.0
2012-12-31 16:36:33,0.0,0.0,0.0,0.0,24.0
2012-12-31 16:36:34,0.0,0.0,0.0,0.0,24.0
2012-12-31 16:36:35,0.0,0.0,0.0,0.0,24.0
2012-12-31 16:36:36,0.0,0.0,0.0,0.0,25.0
2012-12-31 16:36:37,0.0,0.0,0.0,0.0,25.0
2012-12-31 16:36:38,0.0,0.0,0.0,0.0,24.0
2012-12-31 16:36:39,0.0,0.0,0.0,0.0,24.0
2012-12-31 16:36:40,0.0,0.0,0.0,0.0,25.0
2012-12-31 16:36:41,0.0,0.0,0.0,0.0,24.0
2012-12-31 16:36:42,0.0,0.0,0.0,0.0,24.0
2012-12-31 16:36:43,0.0,0.0,0.0,0.0,25.0
2012-12-31 16:36:44,0.0,0.0,0.0,0.0,25.0
2012-12-31 16:36:45,0.0,0.0,0.0,0.0,25.0
2012-12-31 16:36:46,0.0,0.0,0.0,0.0,25.0
2012-12-31 16:36:47,0.0,0.0,0.0,0.0,25.0
2012-12-31 16:36:48,0.0,0.0,0.0,0.0,25.0
2012-12-31 16:36:49,0.0,0.0,0.0,0.0,25.0
2012-12-31 16:36:50,0.0,0.0,0.0,0.0,25.0
2012-12-31 16:36:51,0.0,0.0,0.0,0.0,25.0
2012-12-31 16:36:52,0.0,0.0,0.0,0.0,25.0
2012-12-31 16:36:53,0.0,0.0,0.0,0.0,25.0
2012-12-31 16:36:54,0.0,0.0,0.0,0.0,25.0
2012-12-31 16:36:55,0.0,0.0,0.0,0.0,25.0
2012-12-31 16:36:56,0.0,0.0,0.0,0.0,25.0
2012-12-31 16:36:57,0.0,0.0,0.0,0.0,25.0
2012-12-31 16:36:58,0.0,0.0,0.0,0.0,25.0
2012-12-31 16:36:59,0.0,0.0,0.0,0.0,25.0
2012-12-31 16:37:00,0.0,0.0,0.0,0.0,25.0
2012-12-31 16:37:01,0.0,0.0,0.0,0.0,25.0
2012-12-31 16:37:02,0.0,0.0,0.0,0.0,25.0
2012-12-31 16:37:03,0.0,0.0,0.0,0.0,25.0
2012-12-31 16:37:04,0.0,0.0,0.0,0.0,26.0
2012-12-31 16:37:05,0.0,0.0,0.0,0.0,26.0
2012-12-31 16:37:06,0.0,0.0,0.0,0.0,25.0
2012-12-31 16:37:07,0.0,0.0,0.0,0.0,26.0
2012-12-31 16:37:08,0.0,0.0,0.0,0.0,26.0
2012-12-31 16:37:09,0.0,0.0,0.0,0.0,26.0
2012-12-31 16:37:10,0.0,0.0,0.0,0.0,26.0
2012-12-31 16:37:11,0.0,0.0,0.0,0.0,26.0
2012-12-31 16:37:12,,,,,
2012-12-31 16:37:13,0.0,0.0,0.0,0.0,25.0
2012-12-31 16:37:14,0.0,0.0,0.0,0.0,25.0
2012-12-31 16:37:15,0.0,0.0,0.0,0.0,25.0
2012-12-31 16:37:16,0.0,0.0,0.0,0.0,25.0
2012-12-31 16:37:17,0.0,0.0,0.0,0.0,25.0
2012-12-31 16:37:18,0.0,0.0,0.0,0.0,26.0
2012-12-31 16:37:19,0.0,0.0,0.0,0.0,26.0
2012-12-31 16:37:20,0.0,0.0,0.0,0.0,26.0
2012-12-31 16:37:21,0.0,0.0,0.0,0.0,26.0
2012-12-31 16:37:22,0.0,0.0,0.0,0.0,26.0
2012-12-31 16:37:23,0.0,0.0,0.0,0.0,26.0
2012-12-31 16:37:24,0.0,0.0,0.0,0.0,26.0
2012-12-31 16:37:25,0.0,0.0,0.0,0.0,26.0
2012-12-31 16:37:26,0.0,0.0,0.0,0.0,26.0
2012-12-31 16:37:27,0.0,0.0,0.0,0.0,26.0
2012-12-31 16:37:28,0.0,0.0,0.0,0.0,26.0
2012-12-31 16:37:29,0.0,0.0,0.0,0.0,27.0
2012-12-31 16:37:30,0.0,0.0,0.0,0.0,26.0
2012-12-31 16:37:31,0.0,0.0,0.0,0.0,26.0
2012-12-31 16:37:32,0.0,0.0,0.0,0.0,26.0
2012-12-31 16:37:33,0.0,0.0,0.0,0.0,27.0
2012-12-31 16:37:34,0.0,0.0,0.0,0.0,26.0
2012-12-31 16:37:35,0.0,0.0,0.0,0.0,26.0
2012-12-31 16:37:36,0.0,0.0,0.0,0.0,26.0
2012-12-31 16:37:37,0.0,0.0,0.0,0.0,26.0
2012-12-31 16:37:38,0.0,0.0,0.0,0.0,26.0
2012-12-31 16:37:39,0.0,0.0,0.0,0.0,26.0
2012-12-31 16:37:40,0.0,0.0,0.0,0.0,26.0
2012-12-31 16:37:41,0.0,0.0,0.0,0.0,26.0
2012-12-31 16:37:42,0.0,0.0,0.0,0.0,26.0
2012-12-31 16:37:43,0.0,0.0,0.0,0.0,26.0
2012-12-31 16:37:44,0.0,0.0,0.0,0.0,26.0
2012-12-31 16:37:45,0.0,0.0,0.0,0.0,26.0
2012-12-31 16:37:46,0.0,0.0,0.0,0.0,26.0
2012-12-31 16:37:47,0.0,0.0,0.0,0.0,26.0
2012-12-31 16:37:48,0.0,0.0,0.0,0.0,26.0
2012-12-31 16:37:49,0.0,0.0,0.0,0.0,26.0
2012-12-31 16:37:50,0.0,0.0,0.0,0.0,26.0
2012-12-31 16:37:51,0.0,0.0,0.0,0.0,26.0
2012-12-31 16:37:52,0.0,0.0,0.0,0.0,26.0
2012-12-31 16:37:53,0.0,0.0,0.0,0.0,26.0
2012-12-31 16:37:54,0.0,0.0,0.0,0.0,26.0
2012-12-31 16:37:55,0.0,0.0,0.0,0.0,26.0
2012-12-31 16:37:56,0.0,0.0,0.0,0.0,26.0
2012-12-31 16:37:57,0.0,0.0,0.0,0.0,27.0
2012-12-31 16:37:58,0.0,0.0,0.0,0.0,27.0
2012-12-31 16:37:59,0.0,0.0,0.0,0.0,27.0
2012-12-31 16:38:00,0.0,0.0,0.0,0.0,26.0
2012-12-31 16:38:01,0.0,0.0,0.0,0.0,26.0
2012-12-31 16:38:02,0.0,0.0,0.0,0.0,26.0
2012-12-31 16:38:03,0.0,0.0,0.0,0.0,27.0
2012-12-31 16:38:04,0.0,0.0,0.0,0.0,26.0
2012-12-31 16:38:05,0.0,0.0,0.0,0.0,26.0
2012-12-31 16:38:06,0.0,0.0,0.0,0.0,27.0
2012-12-31 16:38:07,0.0,0.0,0.0,0.0,27.0
2012-12-31 16:38:08,0.0,0.0,0.0,0.0,27.0
2012-12-31 16:38:09,0.0,0.0,0.0,0.0,27.0
2012-12-31 16:38:10,0.0,0.0,0.0,0.0,27.0
2012-12-31 16:38:11,0.0,0.0,0.0,0.0,27.0
2012-12-31 16:38:12,0.0,0.0,0.0,0.0,27.0
2012-12-31 16:38:13,0.0,0.0,0.0,0.0,27.0
2012-12-31 16:38:14,0.0,0.0,0.0,0.0,27.0
2012-12-31 16:38:15,0.0,0.0,0.0,0.0,27.0
2012-12-31 16:38:16,,,,,
2012-12-31 16:38:17,0.0,0.0,0.0,0.0,27.0
2012-12-31 16:38:18,0.0,0.0,0.0,0.0,27.0
2012-12-31 16:38:19,0.0,0.0,0.0,0.0,27.0
2012-12-31 16:38:20,0.0,0.0,0.0,0.0,27.0
2012-12-31 16:38:21,0.0,0.0,0.0,0.0,27.0
2012-12-31 16:38:22,0.0,0.0,0.0,0.0,27.0
2012-12-31 16:38:23,0.0,0.0,0.0,0.0,27.0
2012-12-31 16:38:24,0.0,0.0,0.0,0.0,27.0
2012-12-31 16:38:25,0.0,0.0,0.0,0.0,27.0
2012-12-31 16:38:26,0.0,0.0,0.0,0.0,27.0
2012-12-31 16:38:27,0.0,0.0,0.0,0.0,27.0
2012-12-31 16:38:28,0.0,0.0,0.0,0.0,27.0
2016-04-23 00:00:00,,,,,
2016-04-24 00:00:00,,,,,
2016-04-25 00:00:00,,,,,
2016-04-26 00:00:00,,,,,
2016-04-27 00:00:00,,,,,
2016-04-28 00:00:00,,,,,
2016-04-29 00:00:00,,,,,
2016-04-30 00:00:00,,,,,
2016-05-01 00:00:00,,,,,
2016-05-02 00:00:00,,,,,
