,value3,value2,value1
2012-12-31 16:02:03,-9.29,10.0905,12.23
2012-12-31 16:02:04,-9.051,9.926,12.35
2012-12-31 16:02:05,-9.3005,10.072,12.446
2012-12-31 16:02:06,-9.239,9.8185,12.1345
2012-12-31 16:02:07,,,
2012-12-31 16:02:08,,,
2012-12-31 16:02:09,,,
2012-12-31 16:02:10,,,
2012-12-31 16:02:11,,,
2012-12-31 16:02:12,,,
2012-12-31 16:02:13,,,
2012-12-31 16:02:14,,,
2012-12-31 16:02:15,,,
2012-12-31 16:02:16,,,
2012-12-31 16:02:17,,,
2012-12-31 16:02:18,,,
2012-12-31 16:02:19,,,
2012-12-31 16:02:20,,,
2012-12-31 16:02:21,,,
2012-12-31 16:02:22,,,
2012-12-31 16:02:23,,,
2012-12-31 16:02:24,,,
2012-12-31 16:02:25,,,
2012-12-31 16:02:26,,,
2012-12-31 16:02:27,,,
2012-12-31 16:02:28,,,
2012-12-31 16:02:29,,,
2012-12-31 16:02:30,,,
2012-12-31 16:02:31,,,
2012-12-31 16:02:32,,,
2012-12-31 16:02:33,,,
2012-12-31 16:02:34,,,
2012-12-31 16:02:35,,,
2012-12-31 16:02:36,,,
2012-12-31 16:02:37,,,
2012-12-31 16:02:38,,,
2012-12-31 16:02:39,,,
2012-12-31 16:02:40,,,
2012-12-31 16:02:41,,,
2012-12-31 16:02:42,,,
2012-12-31 16:02:43,,,
2012-12-31 16:02:44,,,
2012-12-31 16:02:45,,,
2012-12-31 16:02:46,,,
2012-12-31 16:02:47,,,
2012-12-31 16:02:48,,,
2012-12-31 16:02:49,,,
2012-12-31 16:02:50,,,
2012-12-31 16:02:51,,,
2012-12-31 16:02:52,,,
2012-12-31 16:02:53,,,
2012-12-31 16:02:54,,,
2012-12-31 16:02:55,,,
2012-12-31 16:02:56,,,
2012-12-31 16:02:57,,,
2012-12-31 16:02:58,,,
2012-12-31 16:02:59,-8.912,9.928,13.428
2012-12-31 16:03:00,,,
2012-12-31 16:03:01,,,
2012-12-31 16:03:02,,,
2012-12-31 16:03:03,,,
2012-12-31 16:03:04,,,
2012-12-31 16:03:05,,,
2012-12-31 16:03:06,,,
2012-12-31 16:03:07,,,
2012-12-31 16:03:08,,,
2012-12-31 16:03:09,,,
2012-12-31 16:03:10,,,
2012-12-31 16:03:11,,,
2012-12-31 16:03:12,,,
2012-12-31 16:03:13,-9.097,10.805,13.38
2012-12-31 16:03:14,-9.0335,10.0365,13.356
2012-12-31 16:03:15,-9.01,9.9645,13.452
2012-12-31 16:03:16,-9.1885,9.639,13.404
2012-12-31 16:03:17,-8.919,9.8945,13.38
2012-12-31 16:03:18,-9.152,9.706,13.476
2012-12-31 16:03:19,-9.2875,9.924,13.452
2012-12-31 16:03:20,-8.9085,10.0475,13.452
2012-12-31 16:03:21,-9.176,9.8845,13.404
2012-12-31 16:03:22,-8.9295,10.4695,13.428
2012-12-31 16:03:23,-8.755,9.8025,13.452
2012-12-31 16:03:24,-9.2715,9.8,13.476
2012-12-31 16:03:25,-8.7585,10.0915,13.5
2012-12-31 16:03:26,-9.0445,9.8525,13.452
2012-12-31 16:03:27,-9.0215,9.918,13.452
2012-12-31 16:03:28,-9.374,10.091,13.476
2012-12-31 16:03:29,-10.7855,11.1035,13.428
2012-12-31 16:03:30,-8.6965,9.2085,13.356
2012-12-31 16:03:31,-8.2935,10.144,13.428
2012-12-31 16:03:32,-11.3785,10.6535,13.452
2012-12-31 16:03:33,-5.113,10.312,13.404
2012-12-31 16:03:34,-8.622,9.629,13.5
2012-12-31 16:03:35,-8.8015,9.833,13.476
2012-12-31 16:03:36,-8.8085,9.956,13.428
2012-12-31 16:03:37,-8.8815,9.9855,13.428
2012-12-31 16:03:38,-9.1315,9.779,13.548
2012-12-31 16:03:39,-8.5415,9.949,13.5
2012-12-31 16:03:40,-8.641,9.9055,13.524
2012-12-31 16:03:41,-8.628,9.6855,13.452
2012-12-31 16:03:42,-8.476,9.992,13.428
2012-12-31 16:03:43,-8.7325,9.9215,13.452
2012-12-31 16:03:44,-8.6445,9.871,13.428
2012-12-31 16:03:45,-8.6975,9.8035,13.5
2012-12-31 16:03:46,-8.7665,9.853,13.404
2012-12-31 16:03:47,-8.5365,9.859,13.524
2012-12-31 16:03:48,-8.902,10.011,13.452
2012-12-31 16:03:49,-8.7545,10.037,13.476
2012-12-31 16:03:50,-8.7715,9.979,13.5
2012-12-31 16:03:51,-9.698,9.36,12.246
2012-12-31 16:03:52,-10.07375,9.34,11.595
2012-12-31 16:03:53,-9.97725,9.47,11.583
2012-12-31 16:03:54,-10.27225,9.20325,11.595
2012-12-31 16:03:55,-10.3235,9.49125,11.667
2012-12-31 16:03:56,-10.134,9.67675,11.619
2012-12-31 16:03:57,-10.32075,9.2945,11.679
2012-12-31 16:03:58,-10.31225,9.47175,11.655
2012-12-31 16:03:59,-10.28275,9.44425,11.655
2012-12-31 16:04:00,-10.3245,9.237,11.727
2012-12-31 16:04:01,-10.10325,9.361,11.691
2012-12-31 16:04:02,-10.3665,9.39175,11.703
2012-12-31 16:04:03,-10.1885,9.33375,11.715
2012-12-31 16:04:04,-10.08725,9.2055,11.763
2012-12-31 16:04:05,-10.0915,9.52475,11.751
2012-12-31 16:04:06,-10.19625,9.5005,11.751
2012-12-31 16:04:07,-10.7215,9.05025,11.739
2012-12-31 16:04:08,-9.8625,9.2785,13.548
2012-12-31 16:04:09,-10.5985,8.694,13.476
2012-12-31 16:04:10,-7.516,9.301,13.596
2012-12-31 16:04:11,-12.2385,3.2985,13.524
2012-12-31 16:04:12,-6.476,8.811,13.5
2012-12-31 16:04:13,-7.5535,9.5085,13.476
2012-12-31 16:04:14,-11.7835,8.6865,13.476
2012-12-31 16:04:15,-13.442,8.7585,13.428
2012-12-31 16:04:16,-4.009,13.924,13.524
2012-12-31 16:04:17,-7.553,9.5845,13.596
2012-12-31 16:04:18,-7.8065,9.1235,13.428
2012-12-31 16:04:19,-8.259,8.858,13.452
2012-12-31 16:04:20,-7.792,9.11,13.524
2012-12-31 16:04:21,-8.017,8.956,13.476
2012-12-31 16:04:22,-7.8035,9.015,13.452
2012-12-31 16:04:23,-7.733,9.394,13.572
2012-12-31 16:04:24,-7.929,8.9715,13.524
2012-12-31 16:04:25,-7.941,9.1985,13.452
2012-12-31 16:04:26,-7.7195,8.7935,13.572
2012-12-31 16:04:27,-8.6455,9.84,13.5
2012-12-31 16:04:28,-7.876,9.2005,13.5
2012-12-31 16:04:29,-7.214,9.1115,13.548
2012-12-31 16:04:30,-8.0865,9.0705,13.452
2012-12-31 16:04:31,-7.5585,9.076,13.5
2012-12-31 16:04:32,-7.5205,9.3565,13.5
2012-12-31 16:04:33,-7.426,9.3535,13.548
2012-12-31 16:04:34,-8.8445,9.5565,13.5
2012-12-31 16:04:35,-8.488,8.7715,13.476
2012-12-31 16:04:36,-7.8025,9.303,13.572
2012-12-31 16:04:37,-9.1755,9.093,13.524
2012-12-31 16:04:38,-13.3055,1.616,13.62
2012-12-31 16:04:39,-10.8945,13.088,13.548
2012-12-31 16:04:40,-9.999,8.9035,13.428
2012-12-31 16:04:41,-16.6075,12.432,13.524
2012-12-31 16:04:42,-13.688,13.754,13.524
2012-12-31 16:04:43,-17.3535,7.236,13.524
2012-12-31 16:04:44,-5.427,14.814,13.548
2012-12-31 16:04:45,-8.8265,2.985,13.548
2012-12-31 16:04:46,-5.36333333333,5.909,13.3963333333
2012-12-31 16:04:47,-8.95325,3.8395,13.3205
2012-12-31 16:04:48,-7.024,7.17875,13.3085
2012-12-31 16:04:49,-8.3945,8.9235,13.3205
2012-12-31 16:04:50,-5.44175,7.21625,13.2965
2012-12-31 16:04:51,-9.29375,10.3855,13.3205
2012-12-31 16:04:52,-8.198,7.7855,13.2845
2012-12-31 16:04:53,-13.0915,9.6185,13.2845
2012-12-31 16:04:54,-8.66625,8.90575,13.33225
2012-12-31 16:04:55,-8.947,9.14975,13.35625
2012-12-31 16:04:56,-8.653,8.3325,13.3085
2012-12-31 16:04:57,-9.36975,7.291,13.548
2012-12-31 16:04:58,-9.56075,9.235,13.38
2012-12-31 16:04:59,-11.1185,9.45825,13.3085
2012-12-31 16:05:00,-7.29475,11.43025,13.35625
2012-12-31 16:05:01,-7.83375,6.37475,13.17675
2012-12-31 16:05:02,-8.43075,8.41125,13.392
2012-12-31 16:05:03,-9.05525,8.38,13.56
2012-12-31 16:05:04,-9.8405,9.323,13.428
2012-12-31 16:05:05,-8.68325,4.666,13.54775
2012-12-31 16:05:06,-10.0096666667,5.97866666667,13.364
2012-12-31 16:05:07,-11.6273333333,2.771,13.396
2012-12-31 16:05:08,-7.17575,7.58325,13.404
2012-12-31 16:05:09,-6.4015,9.4295,13.404
2012-12-31 16:05:10,-11.559,6.49925,13.38
2012-12-31 16:05:11,-8.72625,8.48725,13.2245
2012-12-31 16:05:12,-6.71625,10.3935,13.2125
2012-12-31 16:05:13,-9.68775,9.65725,13.404
2012-12-31 16:05:14,-8.22525,8.7535,13.55975
2012-12-31 16:05:15,-7.5885,8.50975,13.428
2012-12-31 16:05:16,-9.124,8.571,13.428
2012-12-31 16:05:17,-9.6535,7.81525,13.452
2012-12-31 16:05:18,-8.1605,8.7525,13.44
2012-12-31 16:05:19,-9.56175,8.6065,13.452
2012-12-31 16:05:20,-10.6715,9.056,13.452
2012-12-31 16:05:21,-7.816,9.18075,13.44
2012-12-31 16:05:22,-9.42875,8.52125,13.488
2012-12-31 16:05:23,-9.51525,8.49125,13.476
2012-12-31 16:05:24,-9.86125,9.476,13.428
2012-12-31 16:05:25,-11.84,7.966,13.464
2012-12-31 16:05:26,-10.033,9.0535,13.5
2012-12-31 16:05:27,-11.0275,9.50525,13.536
2012-12-31 16:05:28,-12.91075,8.182,13.512
2012-12-31 16:05:29,-9.66675,8.37975,13.524
2012-12-31 16:05:30,-8.4695,8.38975,13.548
2012-12-31 16:05:31,-9.0755,8.52025,13.488
2012-12-31 16:05:32,-7.492,8.5725,13.56
2012-12-31 16:05:33,-9.08375,8.37325,13.608
2012-12-31 16:05:34,-10.13075,8.603,13.608
2012-12-31 16:05:35,-11.68925,9.30725,13.572
2012-12-31 16:05:36,-7.67625,9.8685,13.56
2012-12-31 16:05:37,-8.69175,8.64025,13.608
2012-12-31 16:05:38,-7.1995,8.8205,13.572
2012-12-31 16:05:39,-8.594,8.28525,13.62
2012-12-31 16:05:40,-9.1145,7.19975,13.656
2012-12-31 16:05:41,-7.566,3.75125,13.572
2012-12-31 16:05:42,-10.42875,11.82,13.668
2012-12-31 16:05:43,-9.82475,7.79275,13.632
2012-12-31 16:05:44,-8.917,5.44575,13.668
2012-12-31 16:05:45,-9.34575,7.9595,13.644
2012-12-31 16:05:46,-9.38575,8.039,13.632
2012-12-31 16:05:47,-10.09875,7.9875,13.668
2012-12-31 16:05:48,-8.11025,7.63025,13.66775
2012-12-31 16:05:49,-9.39133333333,7.878,13.62
2012-12-31 16:05:50,-11.531,6.06633333333,13.668
2012-12-31 16:05:51,-8.2765,7.88575,13.692
2012-12-31 16:05:52,-4.61225,6.53375,13.692
2012-12-31 16:05:53,-4.636,6.319,13.692
2012-12-31 16:05:54,-9.778,7.456,13.748
2012-12-31 16:05:55,-6.272,8.3845,13.764
2012-12-31 16:05:56,-8.7215,8.568,13.8115
2012-12-31 16:05:57,-9.059,8.1595,13.7875
2012-12-31 16:05:58,-9.0375,8.05,13.8115
2012-12-31 16:05:59,-8.703,7.8385,13.8355
2012-12-31 16:06:00,-9.0465,8.1935,13.8835
2012-12-31 16:06:01,-8.965,8.4885,13.8355
2012-12-31 16:06:02,-9.013,8.3235,13.8355
2012-12-31 16:06:03,-8.692,8.05,13.8355
2012-12-31 16:06:04,-8.7725,8.2105,13.788
2012-12-31 16:06:05,-9.004,8.4785,13.883
2012-12-31 16:06:06,-8.837,8.04,13.859
2012-12-31 16:06:07,-9.91,7.227,13.8753333333
2012-12-31 16:06:08,-8.9615,8.7935,13.859
2012-12-31 16:06:09,-8.9025,8.3035,13.931
2012-12-31 16:06:10,-9.245,8.2795,13.8595
2012-12-31 16:06:11,-8.706,8.0795,13.955
2012-12-31 16:06:12,-8.786,8.7785,13.859
2012-12-31 16:06:13,-8.857,8.164,13.859
2012-12-31 16:06:14,-9.106,8.0445,13.931
2012-12-31 16:06:15,-8.937,8.4485,13.955
2012-12-31 16:06:16,-9.0475,8.304,13.907
2012-12-31 16:06:17,-9.0095,8.3545,13.979
2012-12-31 16:06:18,-9.23,8.4045,13.955
2012-12-31 16:06:19,-10.111,6.447,13.955
2012-12-31 16:06:20,-10.258,8.2675,13.979
2012-12-31 16:06:21,-9.75466666667,7.717,12.9006666667
2012-12-31 16:06:22,-10.97,8.3285,12.4335
2012-12-31 16:06:23,-10.75675,8.266,12.4215
2012-12-31 16:06:24,-10.972,8.4235,12.4215
2012-12-31 16:06:25,-11.0585,8.46025,12.3975
2012-12-31 16:06:26,-10.8615,8.49125,12.25375
2012-12-31 16:06:27,-10.7965,8.43,12.4695
2012-12-31 16:06:28,-11.0735,8.389,12.43375
2012-12-31 16:06:29,-10.8175,8.245,12.4575
2012-12-31 16:06:30,-11.21625,8.516,12.63725
2012-12-31 16:06:31,-10.762,8.1695,12.3975
2012-12-31 16:06:32,-10.89325,8.5055,12.4575
2012-12-31 16:06:33,-10.69375,8.3005,12.4335
2012-12-31 16:06:34,-11.0525,8.55025,12.4695
2012-12-31 16:06:35,-10.71375,8.36,12.66125
2012-12-31 16:06:36,-10.9375,8.4535,12.63725
2012-12-31 16:06:37,-10.98425,8.30625,12.4815
2012-12-31 16:06:38,-11.1085,8.2375,12.30175
2012-12-31 16:06:39,-12.118,8.33975,12.25375
2012-12-31 16:06:40,-10.837,8.10025,12.24175
2012-12-31 16:06:41,-10.96525,8.64625,12.4695
2012-12-31 16:06:42,-10.8895,8.53925,12.68525
2012-12-31 16:06:43,-14.05625,7.855,12.4455
2012-12-31 16:06:44,-9.8555,8.94775,12.5175
2012-12-31 16:06:45,-13.80375,13.57175,12.69725
2012-12-31 16:06:46,-12.041,7.23475,12.4815
2012-12-31 16:06:47,-9.17075,9.001,12.68525
2012-12-31 16:06:48,-15.10075,12.7525,12.5295
2012-12-31 16:06:49,-11.8315,8.18,12.32575
2012-12-31 16:06:50,-10.77025,9.837,12.31375
2012-12-31 16:06:51,-9.6865,4.58575,12.32575
2012-12-31 16:06:52,-7.4545,11.33525,12.68525
2012-12-31 16:06:53,-12.1843333333,2.868,13.0766666667
2012-12-31 16:06:54,21.6775,12.514,13.7395
2012-12-31 16:06:55,-24.1845,13.275,14.123
2012-12-31 16:06:56,-6.593,12.2185,14.147
2012-12-31 16:06:57,-1.335,15.3285,14.219
2012-12-31 16:06:58,-11.9135,10.3785,14.123
2012-12-31 16:06:59,-19.0545,7.942,14.171
2012-12-31 16:07:00,-2.72,8.553,14.123
2012-12-31 16:07:01,-8.736,9.965,14.171
2012-12-31 16:07:02,-8.8365,9.555,14.171
2012-12-31 16:07:03,-9.057,9.209,14.123
2012-12-31 16:07:04,-8.934,9.487,14.219
2012-12-31 16:07:05,-11.7395,9.954,14.171
2012-12-31 16:07:06,-13.6865,9.125,14.195
2012-12-31 16:07:07,-9.6585,8.3425,14.195
2012-12-31 16:07:08,-9.3425,9.0375,14.267
2012-12-31 16:07:09,-9.458,9.239,14.171
2012-12-31 16:07:10,-9.6175,9.262,14.219
2012-12-31 16:07:11,-6.4175,11.3355,14.243
2012-12-31 16:07:12,-10.908,14.683,14.243
2012-12-31 16:07:13,-2.395,10.653,14.243
2012-12-31 16:07:14,-12.049,6.039,14.291
2012-12-31 16:07:15,-5.6175,14.5725,14.291
2012-12-31 16:07:16,-10.288,7.3445,14.267
2012-12-31 16:07:17,-4.9025,10.776,14.339
2012-12-31 16:07:18,-3.873,-2.0395,14.267
2012-12-31 16:07:19,0.54,5.8845,14.267
2012-12-31 16:07:20,-4.3105,11.767,14.195
2012-12-31 16:07:21,-19.6575,12.5035,14.291
2012-12-31 16:07:22,-0.888,10.0205,14.219
2012-12-31 16:07:23,-2.9225,17.046,14.219
2012-12-31 16:07:24,-17.3985,0.099,14.339
2012-12-31 16:07:25,-17.246,7.363,14.291
2012-12-31 16:07:26,-2.666,4.036,14.315
2012-12-31 16:07:27,2.682,15.5175,14.243
2012-12-31 16:07:28,-7.216,14.439,14.339
2012-12-31 16:07:29,6.277,13.9545,14.291
2012-12-31 16:07:30,-5.5615,15.5505,14.291
2012-12-31 16:07:31,-6.422,9.7495,14.291
2012-12-31 16:07:32,-7.7765,9.926,14.267
2012-12-31 16:07:33,-7.8625,10.1615,14.339
2012-12-31 16:07:34,-7.5495,10.007,14.243
2012-12-31 16:07:35,-7.4275,9.9195,14.243
2012-12-31 16:07:36,-7.947,9.6325,14.387
2012-12-31 16:07:37,-6.9775,9.539,14.339
2012-12-31 16:07:38,-6.3315,9.1235,14.339
2012-12-31 16:07:39,-6.1135,10.233,14.435
2012-12-31 16:07:40,-6.3055,9.8055,14.411
2012-12-31 16:07:41,-7.7515,9.619,14.387
2012-12-31 16:07:42,-7.832,10.13,14.387
2012-12-31 16:07:43,-7.629,9.962,14.4345
2012-12-31 16:07:44,-7.1595,10.171,14.435
2012-12-31 16:07:45,-7.5575,9.948,14.4825
2012-12-31 16:07:46,-8.003,9.822,14.435
2012-12-31 16:07:47,-7.9525,9.747,14.4345
2012-12-31 16:07:48,-7.3175,9.786,14.339
2012-12-31 16:07:49,-7.578,10.034,14.482
2012-12-31 16:07:50,-7.699,9.9945,14.482
2012-12-31 16:07:51,-7.7785,10.122,14.4345
2012-12-31 16:07:52,-5.516,8.0315,14.4825
2012-12-31 16:07:53,-16.891,7.6045,14.482
2012-12-31 16:07:54,-14.912,8.913,14.435
2012-12-31 16:07:55,-15.3385,9.177,14.482
2012-12-31 16:07:56,-6.943,10.6345,14.5065
2012-12-31 16:07:57,-7.544,9.059,14.578
2012-12-31 16:07:58,-7.617,8.8625,14.506
2012-12-31 16:07:59,-7.5165,8.8045,14.506
2012-12-31 16:08:00,-7.574,8.7605,14.53
2012-12-31 16:08:01,-7.399,8.7405,14.578
2012-12-31 16:08:02,-7.552,9.4395,14.53
2012-12-31 16:08:03,-9.611,10.1385,14.554
2012-12-31 16:08:04,-7.5305,9.6265,14.578
2012-12-31 16:08:05,-8.0835,8.7085,14.554
2012-12-31 16:08:06,-9.034,8.10166666667,13.46
2012-12-31 16:08:07,-9.03966666667,8.04333333333,13.476
2012-12-31 16:08:08,-9.77775,7.7665,12.877
2012-12-31 16:08:09,-9.7825,8.107,12.901
2012-12-31 16:08:10,-13.37625,6.71925,12.889
2012-12-31 16:08:11,-10.79675,8.194,12.877
2012-12-31 16:08:12,-15.12275,9.9885,12.901
2012-12-31 16:08:13,-9.94175,6.1905,12.829
2012-12-31 16:08:14,-9.21775,6.4355,12.913
2012-12-31 16:08:15,-9.0725,6.4565,12.937
2012-12-31 16:08:16,-9.17725,7.0,12.853
2012-12-31 16:08:17,-11.92425,11.50725,12.937
2012-12-31 16:08:18,-18.05325,0.99475,12.913
2012-12-31 16:08:19,-11.51825,4.2255,12.925
2012-12-31 16:08:20,-13.436,8.81375,12.949
2012-12-31 16:08:21,-5.724,10.9265,12.973
2012-12-31 16:08:22,-8.632,9.53625,12.973
2012-12-31 16:08:23,-10.31725,9.085,12.925
2012-12-31 16:08:24,-16.276,7.06225,12.937
2012-12-31 16:08:25,-13.30625,3.83375,12.925
2012-12-31 16:08:26,-8.71,5.4895,12.937
2012-12-31 16:08:27,-5.214,8.319,12.901
2012-12-31 16:08:28,-11.3585,9.82525,12.901
2012-12-31 16:08:29,-22.781,9.3425,12.889
2012-12-31 16:08:30,-15.1205,8.975,12.925
2012-12-31 16:08:31,8.4565,3.88825,13.04475
2012-12-31 16:08:32,0.32375,5.06,12.865
2012-12-31 16:08:33,-2.5415,9.04925,12.913
2012-12-31 16:08:34,-8.92975,7.3165,12.961
2012-12-31 16:08:35,-17.57675,7.68575,12.937
2012-12-31 16:08:36,11.566,7.57125,12.913
2012-12-31 16:08:37,-3.57925,9.36625,12.901
2012-12-31 16:08:38,-13.0345,9.28475,12.853
2012-12-31 16:08:39,-6.21625,8.11575,12.865
2012-12-31 16:08:40,-4.17675,9.4315,12.901
2012-12-31 16:08:41,-9.519,7.693,12.853
2012-12-31 16:08:42,-4.96966666667,6.46866666667,12.278
2012-12-31 16:08:43,-12.21375,3.574,12.853
2012-12-31 16:08:44,-18.572,5.3065,12.865
2012-12-31 16:08:45,-10.7165,1.104,12.865
2012-12-31 16:08:46,-8.295,4.72433333333,13.396
2012-12-31 16:08:47,-12.53,4.06075,12.865
2012-12-31 16:08:48,-10.25975,6.00525,12.81725
2012-12-31 16:08:49,-16.5585,8.07325,12.829
2012-12-31 16:08:50,-12.70275,5.672,12.889
2012-12-31 16:08:51,-11.8965,5.47525,12.865
2012-12-31 16:08:52,-12.11525,5.99025,12.877
2012-12-31 16:08:53,-11.89975,5.737,12.817
2012-12-31 16:08:54,-11.85925,5.97375,12.841
2012-12-31 16:08:55,-11.9275,5.78275,12.829
2012-12-31 16:08:56,-10.6345,3.59425,12.889
2012-12-31 16:08:57,-14.59425,0.811,12.889
2012-12-31 16:08:58,-22.901,18.15225,12.81725
2012-12-31 16:08:59,-15.173,7.7165,12.865
2012-12-31 16:09:00,-15.74675,7.53025,12.889
2012-12-31 16:09:01,-9.65875,-0.975,12.877
2012-12-31 16:09:02,-8.90275,-0.59425,12.8295
2012-12-31 16:09:03,-11.8425,6.45725,12.84125
2012-12-31 16:09:04,-18.24475,3.663,12.82925
2012-12-31 16:09:05,-11.847,4.59775,12.82925
2012-12-31 16:09:06,-1.17075,10.337,12.8055
2012-12-31 16:09:07,-18.566,7.21375,12.7935
2012-12-31 16:09:08,-5.90625,9.341,12.7335
2012-12-31 16:09:09,-9.4275,6.92125,12.79325
2012-12-31 16:09:10,-9.8995,8.768,12.7815
2012-12-31 16:09:11,-9.9135,11.87725,12.7575
2012-12-31 16:09:12,-7.73225,4.68575,12.7455
2012-12-31 16:09:13,-5.32725,4.40575,12.8055
2012-12-31 16:09:14,-12.5215,13.08,12.7815
2012-12-31 16:09:15,-9.32525,10.157,12.7575
2012-12-31 16:09:16,-0.80825,9.09825,12.7215
2012-12-31 16:09:17,-5.0535,10.28825,12.7095
2012-12-31 16:09:18,-5.663,10.79525,12.7095
2012-12-31 16:09:19,-5.42475,10.53,12.6735
2012-12-31 16:09:20,-5.1415,10.56775,12.7335
2012-12-31 16:09:21,-4.952,11.1465,12.6975
2012-12-31 16:09:22,-4.89925,10.6985,12.6735
2012-12-31 16:09:23,-4.71525,10.7765,12.6735
2012-12-31 16:09:24,-4.98525,10.687,12.6615
2012-12-31 16:09:25,-4.3605,10.70975,12.6495
2012-12-31 16:09:26,-3.503,11.083,12.85325
2012-12-31 16:09:27,-4.937,8.37325,12.81725
2012-12-31 16:09:28,-5.885,8.962,12.1823333333
2012-12-31 16:09:29,-4.55075,9.24125,12.6255
2012-12-31 16:09:30,2.388,12.4545,12.84125
2012-12-31 16:09:31,-3.36733333333,12.4056666667,13.1726666667
2012-12-31 16:09:32,-7.1625,5.13075,12.6735
2012-12-31 16:09:33,-7.35875,8.516,12.6735
2012-12-31 16:09:34,-9.98775,9.335,12.6975
2012-12-31 16:09:35,-9.27725,8.857,12.6735
2012-12-31 16:09:36,-11.30175,6.17375,12.6855
2012-12-31 16:09:37,-8.1475,10.772,12.6375
2012-12-31 16:09:38,-15.668,7.13125,12.6615
2012-12-31 16:09:39,-11.43075,7.63575,12.48175
2012-12-31 16:09:40,-9.7675,5.7105,12.6735
2012-12-31 16:09:41,-10.4065,7.881,12.6375
2012-12-31 16:09:42,-10.53475,7.9685,12.6975
2012-12-31 16:09:43,-10.5595,7.77425,12.48175
2012-12-31 16:09:44,-10.758,7.609,12.50575
2012-12-31 16:09:45,-10.1345,6.74575,12.7095
2012-12-31 16:09:46,-13.73025,7.52725,12.86525
2012-12-31 16:09:47,-14.9075,9.0115,12.7095
2012-12-31 16:09:48,-14.73875,10.7645,12.82925
2012-12-31 16:09:49,-13.47675,8.99175,12.85325
2012-12-31 16:09:50,-13.965,7.3575,12.7215
2012-12-31 16:09:51,-14.3645,8.2635,12.6975
2012-12-31 16:09:52,-15.37275,10.92775,12.7215
2012-12-31 16:09:53,-15.28075,8.8235,12.6255
2012-12-31 16:09:54,-11.29375,8.41125,12.6615
2012-12-31 16:09:55,-4.0905,7.596,12.54175
2012-12-31 16:09:56,-2.12975,8.4475,12.6975
2012-12-31 16:09:57,-5.5155,9.66725,12.7455
2012-12-31 16:09:58,-6.716,10.648,12.50575
2012-12-31 16:09:59,-8.68675,6.18225,12.6975
2012-12-31 16:10:00,-9.02875,9.13875,12.6855
2012-12-31 16:10:01,-4.58125,8.53325,12.6735
2012-12-31 16:10:02,-8.3425,11.173,12.7455
2012-12-31 16:10:03,-6.7025,9.12175,12.7215
2012-12-31 16:10:04,-5.555,9.60375,12.7455
2012-12-31 16:10:05,-12.60625,6.90175,12.7455
2012-12-31 16:10:06,-9.09233333333,6.74533333333,12.3103333333
2012-12-31 16:10:07,-7.0125,9.817,11.344
2012-12-31 16:10:08,-9.1625,8.449,11.272
2012-12-31 16:10:09,-8.754,8.11,11.32
2012-12-31 16:10:10,-8.8825,8.562,11.272
2012-12-31 16:10:11,-8.795,8.367,11.272
2012-12-31 16:10:12,-8.422,7.065,11.296
2012-12-31 16:10:13,0.0015,6.528,11.703
2012-12-31 16:10:14,-6.65166666667,0.0813333333333,12.5176666667
2012-12-31 16:10:15,0.046,6.908,11.487
2012-12-31 16:10:16,-3.825,7.7535,11.487
2012-12-31 16:10:17,-4.775,7.743,11.463
2012-12-31 16:10:18,-5.212,7.9675,11.3915
2012-12-31 16:10:19,-5.4705,8.1205,11.463
2012-12-31 16:10:20,-5.6105,8.4425,11.463
2012-12-31 16:10:21,-5.675,8.6355,11.3915
2012-12-31 16:10:22,-5.783,8.2595,11.463
2012-12-31 16:10:23,-5.77,8.1635,11.487
2012-12-31 16:10:24,-5.9045,8.389,11.368
2012-12-31 16:10:25,-6.0895,8.375,11.3915
2012-12-31 16:10:26,-5.825,8.112,11.4155
2012-12-31 16:10:27,-5.914,8.1655,11.487
2012-12-31 16:10:28,-6.1085,8.259,11.3915
2012-12-31 16:10:29,-6.056,8.09,11.463
2012-12-31 16:10:30,-6.213,8.945,11.4395
2012-12-31 16:10:31,-6.009,8.192,11.3915
2012-12-31 16:10:32,-6.0355,8.4605,11.415
2012-12-31 16:10:33,-6.0405,8.303,11.463
2012-12-31 16:10:34,-6.1995,8.214,11.3915
2012-12-31 16:10:35,-6.0065,8.5065,11.463
2012-12-31 16:10:36,-6.188,8.301,11.439
2012-12-31 16:10:37,-5.881,8.0585,11.463
2012-12-31 16:10:38,-6.389,8.296,11.487
2012-12-31 16:10:39,-6.0975,8.725,11.439
2012-12-31 16:10:40,-6.172,8.8465,11.439
2012-12-31 16:10:41,-5.833,8.7525,11.415
2012-12-31 16:10:42,-6.0185,8.154,11.439
2012-12-31 16:10:43,-6.1865,8.4145,11.415
2012-12-31 16:10:44,-5.7215,8.2525,11.559
2012-12-31 16:10:45,-6.01,8.001,11.4155
2012-12-31 16:10:46,-6.089,8.364,11.511
2012-12-31 16:10:47,-5.917,7.826,11.439
2012-12-31 16:10:48,-6.165,8.234,11.3915
2012-12-31 16:10:49,-6.0615,8.298,11.487
2012-12-31 16:10:50,-6.0405,8.605,11.463
2012-12-31 16:10:51,-5.924,8.188,11.4395
2012-12-31 16:10:52,-6.2,8.628,11.439
2012-12-31 16:10:53,-6.375,8.4505,11.463
2012-12-31 16:10:54,-6.157,8.452,11.4155
2012-12-31 16:10:55,-6.1595,8.545,11.487
2012-12-31 16:10:56,-6.242,7.984,11.415
2012-12-31 16:10:57,,,
2012-12-31 16:10:58,,,
2012-12-31 16:10:59,,,
2012-12-31 16:11:00,,,
2012-12-31 16:11:01,,,
2012-12-31 16:11:02,,,
2012-12-31 16:11:03,,,
2012-12-31 16:11:04,,,
2012-12-31 16:11:05,,,
2012-12-31 16:11:06,,,
2012-12-31 16:11:07,,,
2012-12-31 16:11:08,,,
2012-12-31 16:11:09,,,
2012-12-31 16:11:10,,,
2012-12-31 16:11:11,,,
2012-12-31 16:11:12,,,
2012-12-31 16:11:13,,,
2012-12-31 16:11:14,,,
2012-12-31 16:11:15,,,
2012-12-31 16:11:16,,,
2012-12-31 16:11:17,,,
2012-12-31 16:11:18,,,
2012-12-31 16:11:19,,,
2012-12-31 16:11:20,,,
2012-12-31 16:11:21,,,
2012-12-31 16:11:22,,,
2012-12-31 16:11:23,,,
2012-12-31 16:11:24,,,
2012-12-31 16:11:25,,,
2012-12-31 16:11:26,,,
2012-12-31 16:11:27,,,
2012-12-31 16:11:28,,,
2012-12-31 16:11:29,,,
2012-12-31 16:11:30,,,
2012-12-31 16:11:31,,,
2012-12-31 16:11:32,,,
2012-12-31 16:11:33,,,
2012-12-31 16:11:34,,,
2012-12-31 16:11:35,,,
2012-12-31 16:11:36,,,
2012-12-31 16:11:37,,,
2012-12-31 16:11:38,,,
2012-12-31 16:11:39,,,
2012-12-31 16:11:40,,,
2012-12-31 16:11:41,,,
2012-12-31 16:11:42,,,
2012-12-31 16:11:43,,,
2012-12-31 16:11:44,,,
2012-12-31 16:11:45,,,
2012-12-31 16:11:46,,,
2012-12-31 16:11:47,,,
2012-12-31 16:11:48,,,
2012-12-31 16:11:49,,,
2012-12-31 16:11:50,,,
2012-12-31 16:11:51,,,
2012-12-31 16:11:52,,,
2012-12-31 16:11:53,,,
2012-12-31 16:11:54,,,
2012-12-31 16:11:55,,,
2012-12-31 16:11:56,,,
2012-12-31 16:11:57,,,
2012-12-31 16:11:58,,,
2012-12-31 16:11:59,,,
2012-12-31 16:12:00,,,
2012-12-31 16:12:01,,,
2012-12-31 16:12:02,,,
2012-12-31 16:12:03,,,
2012-12-31 16:12:04,,,
2012-12-31 16:12:05,,,
2012-12-31 16:12:06,-6.093,7.881,11.415
2012-12-31 16:12:07,-6.364,8.066,11.3915
2012-12-31 16:12:08,-6.142,8.464,11.415
2012-12-31 16:12:09,,,
2012-12-31 16:12:10,,,
2012-12-31 16:12:11,,,
2012-12-31 16:12:12,,,
2012-12-31 16:12:13,,,
2012-12-31 16:12:14,,,
2012-12-31 16:12:15,,,
2012-12-31 16:12:16,,,
2012-12-31 16:12:17,,,
2012-12-31 16:12:18,,,
2012-12-31 16:12:19,,,
2012-12-31 16:12:20,,,
2012-12-31 16:12:21,-5.9425,8.3035,11.487
2012-12-31 16:12:22,-5.992,8.492,11.487
2012-12-31 16:12:23,-6.0955,7.5235,11.344
2012-12-31 16:12:24,-5.925,8.7235,11.439
2012-12-31 16:12:25,-6.046,8.231,11.415
2012-12-31 16:12:26,-6.1165,8.3165,11.415
2012-12-31 16:12:27,-6.003,8.247,11.3675
2012-12-31 16:12:28,-6.078,8.3735,11.368
2012-12-31 16:12:29,-6.034,8.507,11.487
2012-12-31 16:12:30,-6.377,8.411,11.439
2012-12-31 16:12:31,-6.148,8.3265,11.439
2012-12-31 16:12:32,-6.457,8.599,11.415
2012-12-31 16:12:33,,,
2012-12-31 16:12:34,,,
2012-12-31 16:12:35,,,
2012-12-31 16:12:36,,,
2012-12-31 16:12:37,,,
2012-12-31 16:12:38,,,
2012-12-31 16:12:39,,,
2012-12-31 16:12:40,,,
2012-12-31 16:12:41,,,
2012-12-31 16:12:42,,,
2012-12-31 16:12:43,,,
2012-12-31 16:12:44,,,
2012-12-31 16:12:45,,,
2012-12-31 16:12:46,,,
2012-12-31 16:12:47,,,
2012-12-31 16:12:48,,,
2012-12-31 16:12:49,,,
2012-12-31 16:12:50,,,
2012-12-31 16:12:51,,,
2012-12-31 16:12:52,,,
2012-12-31 16:12:53,,,
2012-12-31 16:12:54,,,
2012-12-31 16:12:55,,,
2012-12-31 16:12:56,,,
2012-12-31 16:12:57,,,
2012-12-31 16:12:58,,,
2012-12-31 16:12:59,,,
2012-12-31 16:13:00,,,
2012-12-31 16:13:01,,,
2012-12-31 16:13:02,-11.551,8.159,13.189
2012-12-31 16:13:03,-11.819,8.0265,13.117
2012-12-31 16:13:04,-11.728,7.868,13.117
2012-12-31 16:13:05,-11.797,7.849,13.093
2012-12-31 16:13:06,-11.8685,7.958,13.021
2012-12-31 16:13:07,-12.036,8.0075,13.093
2012-12-31 16:13:08,-11.799,7.82,13.189
2012-12-31 16:13:09,-11.8855,7.762,13.093
2012-12-31 16:13:10,-11.8245,7.7815,13.045
2012-12-31 16:13:11,-11.3185,7.82,13.093
2012-12-31 16:13:12,-11.2955,6.9915,13.093
2012-12-31 16:13:13,-9.4925,8.35,13.117
2012-12-31 16:13:14,-12.068,6.6,13.117
2012-12-31 16:13:15,-12.024,6.635,13.117
2012-12-31 16:13:16,-11.633,6.6085,13.093
2012-12-31 16:13:17,-11.6975,6.729,13.165
2012-12-31 16:13:18,-12.123,6.6735,13.117
2012-12-31 16:13:19,-11.941,6.915,13.165
2012-12-31 16:13:20,-12.229,6.82,13.165
2012-12-31 16:13:21,-12.16,6.8645,13.117
2012-12-31 16:13:22,-12.2375,6.263,13.141
2012-12-31 16:13:23,-12.371,6.585,13.117
2012-12-31 16:13:24,-12.0355,7.0905,13.117
2012-12-31 16:13:25,-12.202,6.651,13.093
2012-12-31 16:13:26,-12.652,6.9535,13.189
2012-12-31 16:13:27,-12.282,6.842,13.117
2012-12-31 16:13:28,-12.7335,6.8995,13.141
2012-12-31 16:13:29,-12.2485,6.629,13.093
2012-12-31 16:13:30,-12.0815,6.8665,13.045
2012-12-31 16:13:31,-12.271,6.879,12.973
2012-12-31 16:13:32,-11.8195,6.687,13.093
2012-12-31 16:13:33,-12.5175,6.6665,13.141
2012-12-31 16:13:34,-12.111,6.8635,13.069
2012-12-31 16:13:35,-12.574,6.712,13.069
2012-12-31 16:13:36,-11.9715,6.8075,13.045
2012-12-31 16:13:37,-12.6465,6.7305,13.045
2012-12-31 16:13:38,-12.1575,6.74,13.021
2012-12-31 16:13:39,-12.2905,6.8185,12.997
2012-12-31 16:13:40,-12.0005,6.7555,13.069
2012-12-31 16:13:41,-16.701,7.4335,13.069
2012-12-31 16:13:42,-23.8735,3.13,13.021
2012-12-31 16:13:43,-22.476,3.2255,13.045
2012-12-31 16:13:44,-18.128,2.8075,13.045
2012-12-31 16:13:45,-15.7055,3.7135,12.973
2012-12-31 16:13:46,-13.3615,7.266,13.117
2012-12-31 16:13:47,-12.7225,6.254,13.093
2012-12-31 16:13:48,-12.747,6.4285,13.141
2012-12-31 16:13:49,-12.7415,6.1675,13.093
2012-12-31 16:13:50,-12.8925,6.243,13.117
2012-12-31 16:13:51,-13.2615,5.91,13.141
2012-12-31 16:13:52,-11.8865,7.1,13.069
2012-12-31 16:13:53,-13.45,8.4275,13.045
2012-12-31 16:13:54,-13.3585,6.7315,13.141
2012-12-31 16:13:55,5.2225,0.3335,13.069
2012-12-31 16:13:56,2.6775,4.084,13.045
2012-12-31 16:13:57,-11.132,8.227,13.093
2012-12-31 16:13:58,-7.224,10.2215,13.189
2012-12-31 16:13:59,-4.4485,9.8535,13.165
2012-12-31 16:14:00,-3.5445,8.2615,13.093
2012-12-31 16:14:01,-14.285,3.6365,13.117
2012-12-31 16:14:02,-9.247,7.6855,13.117
2012-12-31 16:14:03,-7.6275,6.9605,13.165
2012-12-31 16:14:04,-10.9965,7.2485,13.117
2012-12-31 16:14:05,-0.235,6.38,13.1645
2012-12-31 16:14:06,-7.23,17.112,13.236
2012-12-31 16:14:07,-9.99,11.508,13.2125
2012-12-31 16:14:08,-0.4865,14.1695,13.141
2012-12-31 16:14:09,-11.086,9.4055,13.189
2012-12-31 16:14:10,0.966,10.326,13.2125
2012-12-31 16:14:11,-4.814,12.5915,13.236
2012-12-31 16:14:12,-12.6905,6.705,13.117
2012-12-31 16:14:13,-14.121,7.5485,13.189
2012-12-31 16:14:14,-10.886,8.473,13.117
2012-12-31 16:14:15,-13.012,9.145,13.26
2012-12-31 16:14:16,-9.443,8.281,13.2125
2012-12-31 16:14:17,-8.242,6.4985,13.189
2012-12-31 16:14:18,-23.076,8.2655,13.2125
2012-12-31 16:14:19,-4.146,5.225,13.189
2012-12-31 16:14:20,-5.529,-0.758,13.236
2012-12-31 16:14:21,-11.767,11.959,13.26
2012-12-31 16:14:22,-3.9335,8.955,13.189
2012-12-31 16:14:23,-4.19,10.802,13.141
2012-12-31 16:14:24,-19.275,6.4685,13.236
2012-12-31 16:14:25,-9.054,9.311,13.2125
2012-12-31 16:14:26,1.702,6.292,13.141
2012-12-31 16:14:27,-3.209,14.761,13.117
2012-12-31 16:14:28,-1.941,8.22,13.189
2012-12-31 16:14:29,-15.8525,10.605,12.8535
2012-12-31 16:14:30,-24.0845,0.7645,13.2125
2012-12-31 16:14:31,0.1135,9.343,13.2125
2012-12-31 16:14:32,-6.849,3.8625,13.2125
2012-12-31 16:14:33,-5.806,10.449,13.189
2012-12-31 16:14:34,-7.1135,7.445,13.189
2012-12-31 16:14:35,-8.845,15.06,13.093
2012-12-31 16:14:36,-12.901,6.1735,13.2125
2012-12-31 16:14:37,-3.2665,9.0035,13.165
2012-12-31 16:14:38,-9.518,-2.303,13.165
2012-12-31 16:14:39,-12.968,5.751,13.141
2012-12-31 16:14:40,-8.8525,17.966,13.1885
2012-12-31 16:14:41,-15.9315,-1.5175,13.2125
2012-12-31 16:14:42,-3.157,13.7755,13.2365
2012-12-31 16:14:43,-6.67,9.0205,13.165
2012-12-31 16:14:44,-7.383,8.7685,13.2125
2012-12-31 16:14:45,-12.568,14.975,13.2125
2012-12-31 16:14:46,-16.299,0.2845,13.284
2012-12-31 16:14:47,-5.2945,18.4755,13.26
2012-12-31 16:14:48,-11.934,10.2245,13.284
2012-12-31 16:14:49,-11.901,30.044,13.62
2012-12-31 16:14:50,2.5565,18.371,13.284
2012-12-31 16:14:51,-4.2065,8.2845,13.284
2012-12-31 16:14:52,7.244,14.607,13.332
2012-12-31 16:14:53,-13.643,8.8825,13.332
2012-12-31 16:14:54,-8.686,9.8955,13.6915
2012-12-31 16:14:55,-16.0195,6.6975,12.973
2012-12-31 16:14:56,-3.7535,5.856,13.332
2012-12-31 16:14:57,-14.6785,-2.746,13.476
2012-12-31 16:14:58,-4.0585,8.4895,13.38
2012-12-31 16:14:59,2.361,5.0455,13.404
2012-12-31 16:15:00,-0.228,9.676,13.404
2012-12-31 16:15:01,-13.102,1.6655,13.524
2012-12-31 16:15:02,-9.1175,9.111,13.428
2012-12-31 16:15:03,-16.4045,6.5335,13.476
2012-12-31 16:15:04,-10.876,7.097,13.452
2012-12-31 16:15:05,-9.1765,3.4365,13.38
2012-12-31 16:15:06,-12.8425,6.7555,13.476
2012-12-31 16:15:07,-4.5415,14.4495,13.428
2012-12-31 16:15:08,-3.491,19.178,13.452
2012-12-31 16:15:09,-8.045,1.226,13.404
2012-12-31 16:15:10,-15.484,14.9275,13.452
2012-12-31 16:15:11,-0.915,15.3365,13.38
2012-12-31 16:15:12,-10.631,5.824,13.356
2012-12-31 16:15:13,-1.436,14.3225,13.356
2012-12-31 16:15:14,-17.6355,8.553,13.428
2012-12-31 16:15:15,-5.233,13.328,13.332
2012-12-31 16:15:16,-12.688,11.235,13.404
2012-12-31 16:15:17,-5.798,6.9585,13.452
2012-12-31 16:15:18,-9.937,9.465,13.38
2012-12-31 16:15:19,2.0585,9.434,13.7155
2012-12-31 16:15:20,-18.3955,8.637,12.949
2012-12-31 16:15:21,-8.1915,19.3915,13.284
2012-12-31 16:15:22,-8.941,5.1565,13.284
2012-12-31 16:15:23,-6.7045,17.0465,13.2365
2012-12-31 16:15:24,-11.381,-5.842,12.8775
2012-12-31 16:15:25,-13.0985,9.217,13.6195
2012-12-31 16:15:26,-18.7205,1.862,12.9015
2012-12-31 16:15:27,-1.5785,13.874,13.6675
2012-12-31 16:15:28,-30.576,9.242,13.6435
2012-12-31 16:15:29,-9.9475,2.0885,13.236
2012-12-31 16:15:30,2.99,4.6955,13.6675
2012-12-31 16:15:31,-17.9265,15.2275,13.284
2012-12-31 16:15:32,-7.7875,2.4105,13.284
2012-12-31 16:15:33,-20.7945,10.1085,12.925
2012-12-31 16:15:34,-11.2775,4.9905,13.284
2012-12-31 16:15:35,-21.734,6.481,12.949
2012-12-31 16:15:36,-5.699,6.132,12.925
2012-12-31 16:15:37,-34.883,-3.64,13.332
2012-12-31 16:15:38,18.001,14.7825,13.7395
2012-12-31 16:15:39,-24.7855,2.66,13.332
2012-12-31 16:15:40,-3.7275,13.636,13.6675
2012-12-31 16:15:41,-18.143,2.74,13.6435
2012-12-31 16:15:42,-14.7565,8.7255,13.332
2012-12-31 16:15:43,3.284,28.216,12.973
2012-12-31 16:15:44,-17.513,-8.5525,13.356
2012-12-31 16:15:45,-6.2545,6.926,13.6915
2012-12-31 16:15:46,5.5445,8.836,13.332
2012-12-31 16:15:47,-3.208,8.553,12.973
2012-12-31 16:15:48,-8.5655,13.8485,13.428
2012-12-31 16:15:49,-19.7795,4.311,13.6915
2012-12-31 16:15:50,-13.9465,11.8185,13.38
2012-12-31 16:15:51,-20.655,7.0685,13.021
2012-12-31 16:15:52,-0.79,24.133,13.7635
2012-12-31 16:15:53,-11.9525,-3.033,13.7155
2012-12-31 16:15:54,-24.1695,18.1005,13.38
2012-12-31 16:15:55,-5.7685,20.2855,13.428
2012-12-31 16:15:56,-3.2025,3.1615,12.997
2012-12-31 16:15:57,-7.5745,8.171,13.356
2012-12-31 16:15:58,-19.7625,44.923,13.356
2012-12-31 16:15:59,-1.9765,13.269,13.356
2012-12-31 16:16:00,-1.699,22.4625,13.356
2012-12-31 16:16:01,-14.387,6.7525,13.38
2012-12-31 16:16:02,0.479,32.3095,13.38
2012-12-31 16:16:03,-11.6235,5.707,13.332
2012-12-31 16:16:04,-6.7435,8.848,13.308
2012-12-31 16:16:05,0.094,18.801,13.3085
2012-12-31 16:16:06,-9.845,20.295,13.2365
2012-12-31 16:16:07,-13.059,17.551,12.925
2012-12-31 16:16:08,-18.606,0.4865,13.308
2012-12-31 16:16:09,-11.5485,-0.781,13.2125
2012-12-31 16:16:10,-8.247,7.072,13.2125
2012-12-31 16:16:11,-15.0155,15.261,13.2365
2012-12-31 16:16:12,0.9605,15.1695,13.26
2012-12-31 16:16:13,-2.7185,-2.028,13.26
2012-12-31 16:16:14,-14.2375,3.787,13.2125
2012-12-31 16:16:15,-9.517,7.165,13.2125
2012-12-31 16:16:16,-6.186,27.0405,13.189
2012-12-31 16:16:17,-9.9715,13.3755,13.26
2012-12-31 16:16:18,5.5205,18.5425,13.2125
2012-12-31 16:16:19,-12.7215,3.0555,13.2125
2012-12-31 16:16:20,-0.0715,16.2085,13.2125
2012-12-31 16:16:21,11.048,22.757,13.284
2012-12-31 16:16:22,0.252,12.9715,12.901
2012-12-31 16:16:23,-6.8145,14.348,13.236
2012-12-31 16:16:24,-7.635,14.1435,13.2125
2012-12-31 16:16:25,-7.974,14.488,13.189
2012-12-31 16:16:26,-7.8425,14.534,12.925
2012-12-31 16:16:27,-7.1465,14.1325,13.308
2012-12-31 16:16:28,-7.16,13.607,13.332
2012-12-31 16:16:29,-7.4795,14.292,12.949
2012-12-31 16:16:30,-6.91166666667,12.49,12.5016666667
2012-12-31 16:16:31,-6.92925,11.4225,12.062
2012-12-31 16:16:32,-6.61075,11.3285,12.05025
2012-12-31 16:16:33,-6.55625,11.38325,12.11
2012-12-31 16:16:34,-6.758,11.2045,12.08625
2012-12-31 16:16:35,-6.94925,11.08625,12.086
2012-12-31 16:16:36,-7.05175,11.31675,12.146
2012-12-31 16:16:37,-6.92025,11.474,12.11
2012-12-31 16:16:38,-7.00225,11.21175,12.11
2012-12-31 16:16:39,-7.2085,10.89475,12.09825
2012-12-31 16:16:40,-6.978,11.0435,12.146
2012-12-31 16:16:41,-6.941,11.25325,12.146
2012-12-31 16:16:42,-6.86875,11.32525,12.17
2012-12-31 16:16:43,-6.84625,11.14,12.158
2012-12-31 16:16:44,-6.95775,11.16775,12.17
2012-12-31 16:16:45,-6.93175,11.593,12.146
2012-12-31 16:16:46,-6.914,11.10875,12.1465
2012-12-31 16:16:47,-6.973,11.43575,12.17
2012-12-31 16:16:48,-6.76825,11.19175,12.09825
2012-12-31 16:16:49,-7.05975,10.9135,12.23
2012-12-31 16:16:50,-6.97625,11.27175,12.12225
2012-12-31 16:16:51,-6.96825,11.46875,12.194
2012-12-31 16:16:52,-7.14333333333,12.2006666667,12.6613333333
2012-12-31 16:16:53,-6.95475,11.251,12.182
2012-12-31 16:16:54,-7.24325,10.92775,12.182
2012-12-31 16:16:55,-7.083,11.348,12.206
2012-12-31 16:16:56,-7.2255,18.98375,12.18225
2012-12-31 16:16:57,-7.02975,9.00475,12.158
2012-12-31 16:16:58,0.124,7.5265,12.14625
2012-12-31 16:16:59,-14.76775,5.278,12.17025
2012-12-31 16:17:00,8.29125,7.936,12.19425
2012-12-31 16:17:01,-1.5995,12.50375,12.20625
2012-12-31 16:17:02,-19.173,10.45125,12.19425
2012-12-31 16:17:03,-10.3535,12.85625,12.18225
2012-12-31 16:17:04,-18.95625,6.508,12.158
2012-12-31 16:17:05,-5.471,9.82725,12.1345
2012-12-31 16:17:06,-11.49525,9.43675,12.1225
2012-12-31 16:17:07,-4.84166666667,11.243,11.6393333333
2012-12-31 16:17:08,3.7805,5.1155,12.0865
2012-12-31 16:17:09,-3.3575,-1.034,12.1105
2012-12-31 16:17:10,-9.353,9.83775,12.1105
2012-12-31 16:17:11,-13.67375,9.838,12.0505
2012-12-31 16:17:12,-9.33175,8.82475,12.0865
2012-12-31 16:17:13,-9.07275,10.7805,12.0865
2012-12-31 16:17:14,-2.143,8.07075,12.09825
2012-12-31 16:17:15,-9.749,7.67525,12.0265
2012-12-31 16:17:16,-9.89175,0.901,12.17025
2012-12-31 16:17:17,-6.46725,11.231,12.0025
2012-12-31 16:17:18,-5.8875,4.73025,12.15825
2012-12-31 16:17:19,-10.31475,5.85475,12.14625
2012-12-31 16:17:20,11.351,-1.47,11.9305
2012-12-31 16:17:21,-8.98475,2.67625,12.15825
2012-12-31 16:17:22,-12.5285,7.49975,11.93075
2012-12-31 16:17:23,-10.6735,10.50925,11.93075
2012-12-31 16:17:24,-2.43725,7.17675,12.12225
2012-12-31 16:17:25,2.16825,6.8015,12.15825
2012-12-31 16:17:26,-3.6405,14.07225,11.787
2012-12-31 16:17:27,-2.586,2.9545,12.0145
2012-12-31 16:17:28,4.39025,6.024,11.90675
2012-12-31 16:17:29,-10.72625,10.136,12.11025
2012-12-31 16:17:30,-8.03175,9.24275,11.787
2012-12-31 16:17:31,-0.1425,7.091,12.17025
2012-12-31 16:17:32,-15.40225,10.5555,11.9545
2012-12-31 16:17:33,-2.99,6.9755,11.89475
2012-12-31 16:17:34,0.253,31.497,12.3896666667
2012-12-31 16:17:35,-8.05075,9.65225,12.19425
2012-12-31 16:17:36,-18.2285,6.92025,11.94275
2012-12-31 16:17:37,-6.18675,10.47725,11.9545
2012-12-31 16:17:38,-24.1345,6.428,11.91875
2012-12-31 16:17:39,-5.13975,10.3405,12.09825
2012-12-31 16:17:40,-10.55375,3.0405,11.9185
2012-12-31 16:17:41,-2.44425,11.841,11.9785
2012-12-31 16:17:42,-5.42575,9.73725,11.93075
2012-12-31 16:17:43,-19.29375,3.45625,11.9425
2012-12-31 16:17:44,-32.17025,1.92775,12.12225
2012-12-31 16:17:45,-0.19625,15.2945,11.94275
2012-12-31 16:17:46,-15.7655,1.233,11.763
2012-12-31 16:17:47,-7.53275,9.101,12.08625
2012-12-31 16:17:48,-5.02075,7.0635,12.11025
2012-12-31 16:17:49,-10.57275,17.08125,11.9425
2012-12-31 16:17:50,-5.9605,6.69875,11.95475
2012-12-31 16:17:51,-9.77525,10.87025,11.9905
2012-12-31 16:17:52,10.8706666667,7.956,11.4793333333
2012-12-31 16:17:53,-0.9985,12.8505,12.11025
2012-12-31 16:17:54,1.11875,-2.33575,11.9785
2012-12-31 16:17:55,-21.15825,3.56975,11.9425
2012-12-31 16:17:56,-14.06575,9.0945,11.715
2012-12-31 16:17:57,7.1105,9.1795,12.07425
2012-12-31 16:17:58,0.0825,15.2355,11.8705
2012-12-31 16:17:59,-3.37725,9.573,11.9065
2012-12-31 16:18:00,0.15875,7.2375,11.9665
2012-12-31 16:18:01,-6.553,9.64225,11.84675
2012-12-31 16:18:02,-7.8895,9.24525,11.94275
2012-12-31 16:18:03,-7.51025,9.4885,11.9185
2012-12-31 16:18:04,-7.72675,9.38375,12.08625
2012-12-31 16:18:05,-7.91125,9.1995,11.9185
2012-12-31 16:18:06,-7.6685,9.71325,12.12225
2012-12-31 16:18:07,-7.876,8.95175,11.9185
2012-12-31 16:18:08,-7.9055,9.288,11.703
2012-12-31 16:18:09,-7.82925,9.2185,11.727
2012-12-31 16:18:10,-7.563,9.25725,12.09825
2012-12-31 16:18:11,-8.2355,9.23525,11.8825
2012-12-31 16:18:12,-7.97275,9.218,11.703
2012-12-31 16:18:13,-8.03275,9.2135,11.83475
2012-12-31 16:18:14,-7.966,9.31525,12.0265
2012-12-31 16:18:15,-7.93,9.39325,11.85875
2012-12-31 16:18:16,-7.9,9.2895,11.799
2012-12-31 16:18:17,-7.97125,9.3745,11.823
2012-12-31 16:18:18,-7.9835,9.61525,11.823
2012-12-31 16:18:19,-7.82,9.196,11.847
2012-12-31 16:18:20,-7.7605,9.3315,11.81075
2012-12-31 16:18:21,-8.2,9.692,12.278
2012-12-31 16:18:22,-7.97775,9.297,11.8585
2012-12-31 16:18:23,-7.8605,9.419,11.79875
2012-12-31 16:18:24,-7.6455,9.28025,11.81075
2012-12-31 16:18:25,-7.86625,9.2645,11.823
2012-12-31 16:18:26,-7.88525,9.255,11.81075
2012-12-31 16:18:27,-7.8705,9.2865,11.66725
2012-12-31 16:18:28,-7.77025,9.0115,11.81075
2012-12-31 16:18:29,-7.72125,9.244,11.83475
2012-12-31 16:18:30,-7.67,9.33325,11.84675
2012-12-31 16:18:31,-7.85325,9.40725,11.8225
2012-12-31 16:18:32,-7.7515,9.41825,11.835
2012-12-31 16:18:33,-9.6025,10.417,13.6675
2012-12-31 16:18:34,-9.5165,10.4675,13.141
2012-12-31 16:18:35,-9.4845,10.2965,13.189
2012-12-31 16:18:36,-9.4145,10.5005,13.2365
2012-12-31 16:18:37,-9.283,10.2205,13.236
2012-12-31 16:18:38,-10.1255,8.903,13.141
2012-12-31 16:18:39,-9.542,10.099,13.093
2012-12-31 16:18:40,-9.5155,10.285,13.26
2012-12-31 16:18:41,-9.3645,10.5925,13.2365
2012-12-31 16:18:42,-10.0995,10.296,13.189
2012-12-31 16:18:43,-9.403,10.6505,13.1885
2012-12-31 16:18:44,-9.4135,10.4125,13.2365
2012-12-31 16:18:45,-9.3215,10.49,12.901
2012-12-31 16:18:46,-9.3835,10.345,13.165
2012-12-31 16:18:47,-9.334,10.478,13.2365
2012-12-31 16:18:48,-9.5475,10.531,13.236
2012-12-31 16:18:49,-9.4185,10.493,13.284
2012-12-31 16:18:50,-9.5615,10.3505,13.2365
2012-12-31 16:18:51,-8.9955,10.5885,13.26
2012-12-31 16:18:52,-9.6185,10.3665,13.308
2012-12-31 16:18:53,-9.3665,10.3125,12.925
2012-12-31 16:18:54,-9.552,10.6065,13.6915
2012-12-31 16:18:55,-9.5755,10.4715,12.925
2012-12-31 16:18:56,-9.531,10.215,12.925
2012-12-31 16:18:57,-9.4555,10.641,12.949
2012-12-31 16:18:58,-9.436,10.2865,13.356
2012-12-31 16:18:59,-9.5045,10.5,13.2125
2012-12-31 16:19:00,-9.691,10.6565,13.2125
2012-12-31 16:19:01,-9.5475,10.4265,13.2845
2012-12-31 16:19:02,-9.3775,10.4215,13.236
2012-12-31 16:19:03,-9.5395,10.2595,13.189
2012-12-31 16:19:04,-9.475,10.3935,13.189
2012-12-31 16:19:05,-9.695,10.3135,13.1885
2012-12-31 16:19:06,-9.6205,10.486,13.189
2012-12-31 16:19:07,-9.4595,10.351,13.26
2012-12-31 16:19:08,-9.319,10.4965,13.117
2012-12-31 16:19:09,-9.393,10.2555,13.117
2012-12-31 16:19:10,-9.494,10.4055,13.045
2012-12-31 16:19:11,-9.3245,10.7675,13.069
2012-12-31 16:19:12,-9.5445,10.377,13.045
2012-12-31 16:19:13,-9.4775,10.4855,12.997
2012-12-31 16:19:14,-9.4585,10.5145,12.997
2012-12-31 16:19:15,-9.8035,10.604,13.021
2012-12-31 16:19:16,-9.298,10.426,12.949
2012-12-31 16:19:17,-9.553,10.5815,12.877
2012-12-31 16:19:18,-9.4035,10.824,12.829
2012-12-31 16:19:19,-9.0035,10.212,12.853
2012-12-31 16:19:20,-9.4555,10.505,12.805
2012-12-31 16:19:21,-9.4775,10.369,12.853
2012-12-31 16:19:22,-9.5465,10.613,12.805
2012-12-31 16:19:23,-9.726,10.4505,12.805
2012-12-31 16:19:24,-9.3705,10.4425,12.805
2012-12-31 16:19:25,-9.6255,9.867,12.757
2012-12-31 16:19:26,-9.853,10.782,12.757
2012-12-31 16:19:27,-9.4705,10.691,12.829
2012-12-31 16:19:28,-9.493,10.6095,12.805
2012-12-31 16:19:29,-9.334,10.52,12.757
2012-12-31 16:19:30,-9.4065,10.672,12.6615
2012-12-31 16:19:31,-9.334,10.38,12.6615
2012-12-31 16:19:32,-9.584,10.3495,12.661
2012-12-31 16:19:33,-9.473,10.377,12.6615
2012-12-31 16:19:34,-9.5845,10.4865,12.566
2012-12-31 16:19:35,-9.448,10.3135,12.59
2012-12-31 16:19:36,-9.6945,10.534,12.1825
2012-12-31 16:19:37,-9.4725,10.4315,12.2065
2012-12-31 16:19:38,-9.333,9.9075,12.614
2012-12-31 16:19:39,-9.655,10.5105,12.59
2012-12-31 16:19:40,-9.5775,10.4535,12.278
2012-12-31 16:19:41,-9.2235,10.358,13.26
2012-12-31 16:19:42,-9.4295,10.429,12.853
2012-12-31 16:19:43,-9.3725,10.554,12.5655
2012-12-31 16:19:44,-9.381,10.347,12.566
2012-12-31 16:19:45,-9.0345,10.6125,12.5895
2012-12-31 16:19:46,-9.5115,10.6145,12.6375
2012-12-31 16:19:47,-9.525,10.4045,12.6135
2012-12-31 16:19:48,-9.3795,10.7695,12.1585
2012-12-31 16:19:49,-9.5145,10.359,12.566
2012-12-31 16:19:50,-9.36,10.46,12.925
2012-12-31 16:19:51,-9.4145,10.496,13.236
2012-12-31 16:19:52,-9.341,10.42,12.566
2012-12-31 16:19:53,-9.283,10.263,12.59
2012-12-31 16:19:54,-9.3355,10.449,12.542
2012-12-31 16:19:55,-9.4885,10.7155,12.2065
2012-12-31 16:19:56,-9.52,9.8175,12.254
2012-12-31 16:19:57,-9.54,10.5455,12.59
2012-12-31 16:19:58,-9.4065,10.45,12.566
2012-12-31 16:19:59,-9.463,10.419,12.949
2012-12-31 16:20:00,-9.756,10.7445,12.949
2012-12-31 16:20:01,-9.3885,10.575,12.949
2012-12-31 16:20:02,-9.323,10.628,12.542
2012-12-31 16:20:03,-9.457,10.266,12.949
2012-12-31 16:20:04,-9.207,10.459,13.236
2012-12-31 16:20:05,,,
2012-12-31 16:20:06,,,
2012-12-31 16:20:07,,,
2012-12-31 16:20:08,,,
2012-12-31 16:20:09,,,
2012-12-31 16:20:10,,,
2012-12-31 16:20:11,,,
2012-12-31 16:20:12,,,
2012-12-31 16:20:13,,,
2012-12-31 16:20:14,,,
2012-12-31 16:20:15,,,
2012-12-31 16:20:16,,,
2012-12-31 16:20:17,,,
2012-12-31 16:20:18,,,
2012-12-31 16:20:19,,,
2012-12-31 16:20:20,,,
2012-12-31 16:20:21,,,
2012-12-31 16:20:22,,,
2012-12-31 16:20:23,,,
2012-12-31 16:20:24,,,
2012-12-31 16:20:25,,,
2012-12-31 16:20:26,,,
2012-12-31 16:20:27,,,
2012-12-31 16:20:28,,,
2012-12-31 16:20:29,,,
2012-12-31 16:20:30,,,
2012-12-31 16:20:31,,,
2012-12-31 16:20:32,,,
2012-12-31 16:20:33,,,
2012-12-31 16:20:34,,,
2012-12-31 16:20:35,,,
2012-12-31 16:20:36,,,
2012-12-31 16:20:37,,,
2012-12-31 16:20:38,,,
2012-12-31 16:20:39,,,
2012-12-31 16:20:40,,,
2012-12-31 16:20:41,,,
2012-12-31 16:20:42,,,
2012-12-31 16:20:43,,,
2012-12-31 16:20:44,,,
2012-12-31 16:20:45,,,
2012-12-31 16:20:46,,,
2012-12-31 16:20:47,,,
2012-12-31 16:20:48,,,
2012-12-31 16:20:49,-9.402,10.234,12.518
2012-12-31 16:20:50,-9.667,10.315,12.446
2012-12-31 16:20:51,-9.542,10.4555,12.1105
2012-12-31 16:20:52,-9.579,10.453,12.446
2012-12-31 16:20:53,-9.848,10.3075,12.877
2012-12-31 16:20:54,-9.719,10.4575,12.422
2012-12-31 16:20:55,-9.7175,10.404,12.877
2012-12-31 16:20:56,-9.48,10.478,12.877
2012-12-31 16:20:57,-9.608,10.3335,12.446
2012-12-31 16:20:58,-9.583,10.443,13.284
2012-12-31 16:20:59,-9.7685,10.3595,12.877
2012-12-31 16:21:00,-9.543,10.312,12.949
2012-12-31 16:21:01,-9.587,10.398,12.901
2012-12-31 16:21:02,-9.577,10.4055,12.518
2012-12-31 16:21:03,-9.667,10.821,12.853
2012-12-31 16:21:04,-9.624,10.476,12.853
2012-12-31 16:21:05,-9.686,10.0355,12.47
2012-12-31 16:21:06,-9.941,10.3145,12.518
2012-12-31 16:21:07,-9.5095,10.4455,12.494
2012-12-31 16:21:08,-9.8515,10.656,12.566
2012-12-31 16:21:09,-9.782,10.2525,12.59
2012-12-31 16:21:10,-9.7025,10.16,12.949
2012-12-31 16:21:11,-9.638,9.923,12.518
2012-12-31 16:21:12,-9.2995,9.757,12.1825
2012-12-31 16:21:13,-11.155,8.8785,12.6375
2012-12-31 16:21:14,-9.784,9.93,12.542
2012-12-31 16:21:15,-9.362,10.127,12.2065
2012-12-31 16:21:16,-9.1855,10.011,12.566
2012-12-31 16:21:17,-9.345,10.026,12.542
2012-12-31 16:21:18,-9.5445,10.481,12.254
2012-12-31 16:21:19,-9.305,10.6115,12.614
2012-12-31 16:21:20,-9.7335,10.1825,12.2065
2012-12-31 16:21:21,-9.299,10.098,12.6375
2012-12-31 16:21:22,-9.2555,10.335,12.949
2012-12-31 16:21:23,-8.926,9.978,12.949
2012-12-31 16:21:24,-9.242,9.7495,12.9725
2012-12-31 16:21:25,-9.4825,9.9375,12.6375
2012-12-31 16:21:26,-9.0455,10.151,12.2305
2012-12-31 16:21:27,-9.2055,10.2845,12.1585
2012-12-31 16:21:28,-9.7915,10.075,12.6375
2012-12-31 16:21:29,-9.7105,9.9665,12.278
2012-12-31 16:21:30,-9.59,9.982,12.59
2012-12-31 16:21:31,-9.499,10.159,12.6375
2012-12-31 16:21:32,-9.3645,9.5595,12.614
2012-12-31 16:21:33,-9.4095,9.7025,12.2065
2012-12-31 16:21:34,-9.201,10.2425,12.614
2012-12-31 16:21:35,-9.2545,10.324,12.9725
2012-12-31 16:21:36,-9.1865,9.9315,12.254
2012-12-31 16:21:37,-9.312,10.1335,12.661
2012-12-31 16:21:38,-9.3555,9.9925,12.59
2012-12-31 16:21:39,-9.259,10.531,12.614
2012-12-31 16:21:40,-9.2285,10.496,12.6855
2012-12-31 16:21:41,-9.361,10.3915,12.614
2012-12-31 16:21:42,-9.3035,9.95,12.661
2012-12-31 16:21:43,-9.1645,9.872,12.733
2012-12-31 16:21:44,-9.5355,10.112,12.685
2012-12-31 16:21:45,-9.304,10.025,12.614
2012-12-31 16:21:46,-9.3385,10.118,12.685
2012-12-31 16:21:47,-9.5895,10.238,12.757
2012-12-31 16:21:48,-9.3005,9.8245,12.685
2012-12-31 16:21:49,-9.416,9.8235,12.685
2012-12-31 16:21:50,-9.282,9.915,12.757
2012-12-31 16:21:51,-9.1575,10.1105,12.685
2012-12-31 16:21:52,-9.67,10.0,12.733
2012-12-31 16:21:53,-9.2945,9.8825,12.757
2012-12-31 16:21:54,-9.3125,10.3295,12.685
2012-12-31 16:21:55,-9.1515,9.9045,12.781
2012-12-31 16:21:56,-9.0115,10.4225,12.709
2012-12-31 16:21:57,-9.4235,9.942,12.709
2012-12-31 16:21:58,-13.5845,8.601,12.757
2012-12-31 16:21:59,-15.3755,10.2925,12.829
2012-12-31 16:22:00,-14.1875,9.5765,12.805
2012-12-31 16:22:01,-13.6465,8.1945,12.853
2012-12-31 16:22:02,-9.095,8.2405,12.781
2012-12-31 16:22:03,-7.0175,10.2495,12.805
2012-12-31 16:22:04,-7.048,10.3145,12.853
2012-12-31 16:22:05,-7.9605,10.658,12.733
2012-12-31 16:22:06,-9.121,10.491,12.757
2012-12-31 16:22:07,-3.847,9.2145,12.757
2012-12-31 16:22:08,-14.0065,3.898,12.709
2012-12-31 16:22:09,-8.162,3.3435,12.709
2012-12-31 16:22:10,-3.9955,10.4395,12.709
2012-12-31 16:22:11,3.1085,14.1145,12.733
2012-12-31 16:22:12,-2.9315,19.275,12.685
2012-12-31 16:22:13,-0.2055,13.959,12.6135
2012-12-31 16:22:14,-0.3875,18.7,12.661
2012-12-31 16:22:15,-22.4965,2.5445,12.709
2012-12-31 16:22:16,-14.475,12.9365,12.685
2012-12-31 16:22:17,-12.522,7.957,12.6375
2012-12-31 16:22:18,-4.0395,2.1765,12.6375
2012-12-31 16:22:19,-14.9225,-0.6425,12.6375
2012-12-31 16:22:20,-3.136,7.883,12.566
2012-12-31 16:22:21,-10.2735,4.6025,12.925
2012-12-31 16:22:22,-6.3985,13.4035,12.614
2012-12-31 16:22:23,-9.4775,16.771,12.614
2012-12-31 16:22:24,10.913,14.8355,12.6135
2012-12-31 16:22:25,-16.8535,2.88525,11.5835
2012-12-31 16:22:26,-15.3775,11.9135,11.5595
2012-12-31 16:22:27,-9.1315,12.3145,11.59525
2012-12-31 16:22:28,-13.918,5.0565,11.763
2012-12-31 16:22:29,-15.505,6.7875,11.59525
2012-12-31 16:22:30,-3.0335,11.294,11.6195
2012-12-31 16:22:31,-14.3746666667,-1.07566666667,11.927
2012-12-31 16:22:32,-10.57225,16.06525,11.60725
2012-12-31 16:22:33,-0.78525,7.5815,11.64325
2012-12-31 16:22:34,-5.408,9.905,11.6075
2012-12-31 16:22:35,-7.5415,9.7225,11.39175
2012-12-31 16:22:36,-7.234,9.33575,11.655
2012-12-31 16:22:37,-10.9785,8.38525,11.5955
2012-12-31 16:22:38,-5.89725,12.74875,11.5835
2012-12-31 16:22:39,-5.434,9.6735,11.619
2012-12-31 16:22:40,-7.54825,7.31575,11.643
2012-12-31 16:22:41,-8.66825,8.63425,11.60725
2012-12-31 16:22:42,-9.355,9.4615,11.64325
2012-12-31 16:22:43,-0.0065,11.675,11.667
2012-12-31 16:22:44,-7.7145,11.53325,11.655
2012-12-31 16:22:45,-11.49025,8.16075,11.655
2012-12-31 16:22:46,-16.94275,11.137,11.691
2012-12-31 16:22:47,-1.82425,7.7865,11.667
2012-12-31 16:22:48,-8.4565,10.621,11.703
2012-12-31 16:22:49,-1.05475,8.6815,11.65525
2012-12-31 16:22:50,-5.51225,8.7275,11.679
2012-12-31 16:22:51,-7.49925,8.341,11.691
2012-12-31 16:22:52,-7.62525,8.694,11.679
2012-12-31 16:22:53,-7.541,8.64075,11.691
2012-12-31 16:22:54,-7.452,8.4905,11.679
2012-12-31 16:22:55,-7.13175,9.25625,11.703
2012-12-31 16:22:56,-9.46825,8.40575,11.739
2012-12-31 16:22:57,-8.267,9.138,11.691
2012-12-31 16:22:58,-7.5885,8.43,11.751
2012-12-31 16:22:59,-6.64725,8.4615,11.643
2012-12-31 16:23:00,-9.2895,7.92825,11.77475
2012-12-31 16:23:01,-11.49425,8.2785,11.739
2012-12-31 16:23:02,-10.893,8.4425,11.727
2012-12-31 16:23:03,-6.53475,5.45225,11.76275
2012-12-31 16:23:04,-9.26275,7.857,11.739
2012-12-31 16:23:05,-14.84575,13.1915,11.751
2012-12-31 16:23:06,-10.2103333333,7.892,11.3836666667
2012-12-31 16:23:07,1.89025,10.88475,11.715
2012-12-31 16:23:08,-6.7235,14.31025,11.715
2012-12-31 16:23:09,-7.321,13.1315,11.763
2012-12-31 16:23:10,-6.508,9.6205,11.763
2012-12-31 16:23:11,-16.3875,1.274,11.715
2012-12-31 16:23:12,-14.4403333333,13.284,12.0703333333
2012-12-31 16:23:13,-4.0515,10.29675,11.739
2012-12-31 16:23:14,-12.79525,1.5795,11.715
2012-12-31 16:23:15,-11.09825,6.65625,11.775
2012-12-31 16:23:16,-9.71475,10.5395,11.727
2012-12-31 16:23:17,-13.98225,5.11,11.703
2012-12-31 16:23:18,-7.184,9.754,11.739
2012-12-31 16:23:19,-11.921,9.91,11.739
2012-12-31 16:23:20,-8.4615,5.248,11.751
2012-12-31 16:23:21,-6.7765,8.76325,11.727
2012-12-31 16:23:22,-12.03625,6.30525,11.679
2012-12-31 16:23:23,-0.1435,7.03275,11.751
2012-12-31 16:23:24,-14.874,1.6235,11.715
2012-12-31 16:23:25,-20.1905,8.88275,11.763
2012-12-31 16:23:26,-5.52475,3.91925,11.679
2012-12-31 16:23:27,-3.341,8.71775,11.715
2012-12-31 16:23:28,-7.62125,8.9235,11.715
2012-12-31 16:23:29,-7.86225,9.133,11.727
2012-12-31 16:23:30,-7.69525,8.6645,11.775
2012-12-31 16:23:31,-7.7555,8.85275,11.691
2012-12-31 16:23:32,-7.6725,8.87525,11.751
2012-12-31 16:23:33,-7.71925,9.01675,11.763
2012-12-31 16:23:34,-7.5285,8.99675,11.727
2012-12-31 16:23:35,-8.05725,8.509,11.775
2012-12-31 16:23:36,-5.63025,10.90675,11.81075
2012-12-31 16:23:37,-3.4275,11.588,11.763
2012-12-31 16:23:38,-8.68425,10.8855,11.775
2012-12-31 16:23:39,-5.29125,13.872,11.799
2012-12-31 16:23:40,-6.003,8.6205,11.763
2012-12-31 16:23:41,-17.567,7.037,11.739
2012-12-31 16:23:42,-13.548,6.88875,11.715
2012-12-31 16:23:43,-8.63825,6.3595,11.751
2012-12-31 16:23:44,-17.236,4.3335,11.775
2012-12-31 16:23:45,-17.9285,8.07475,11.739
2012-12-31 16:23:46,-21.12775,9.9625,11.799
2012-12-31 16:23:47,0.54275,22.247,11.763
2012-12-31 16:23:48,-12.0295,9.0915,11.763
2012-12-31 16:23:49,-2.712,8.23075,11.775
2012-12-31 16:23:50,-8.2655,7.54375,11.727
2012-12-31 16:23:51,2.19025,7.00075,11.727
2012-12-31 16:23:52,-0.2385,7.80725,11.763
2012-12-31 16:23:53,-12.5436666667,9.93033333333,11.3676666667
2012-12-31 16:23:54,0.7455,11.74425,11.787
2012-12-31 16:23:55,-3.06833333333,4.275,12.1023333333
2012-12-31 16:23:56,-5.02925,4.23475,11.811
2012-12-31 16:23:57,1.34825,7.564,11.763
2012-12-31 16:23:58,-14.781,4.46475,11.811
2012-12-31 16:23:59,-2.3295,8.32875,11.763
2012-12-31 16:24:00,-5.43175,6.35875,11.811
2012-12-31 16:24:01,-1.2105,3.21275,11.823
2012-12-31 16:24:02,-10.00125,6.333,11.763
2012-12-31 16:24:03,-5.85225,5.53175,11.787
2012-12-31 16:24:04,-6.159,8.7195,10.673
2012-12-31 16:24:05,-6.123,8.205,10.649
2012-12-31 16:24:06,-6.26,8.199,10.601
2012-12-31 16:24:07,-5.9825,8.1705,10.625
2012-12-31 16:24:08,-6.1505,8.2255,10.625
2012-12-31 16:24:09,-6.2875,8.274,10.601
2012-12-31 16:24:10,-5.997,7.868,10.601
2012-12-31 16:24:11,-6.336,8.668,10.601
2012-12-31 16:24:12,-6.0015,7.9395,10.673
2012-12-31 16:24:13,-6.1065,8.113,10.625
2012-12-31 16:24:14,-6.032,8.005,10.649
2012-12-31 16:24:15,-5.9905,8.43,10.673
2012-12-31 16:24:16,-6.055,8.117,10.625
2012-12-31 16:24:17,-6.5235,8.105,10.601
2012-12-31 16:24:18,-6.197,7.9455,10.601
2012-12-31 16:24:19,-6.496,8.315,10.673
2012-12-31 16:24:20,-6.7625,8.211,10.625
2012-12-31 16:24:21,-6.237,8.3555,10.721
2012-12-31 16:24:22,-6.5815,8.304,10.673
2012-12-31 16:24:23,-6.1335,7.8755,10.649
2012-12-31 16:24:24,-6.064,8.218,10.673
2012-12-31 16:24:25,-6.103,8.492,10.673
2012-12-31 16:24:26,-6.2325,8.25,10.673
2012-12-31 16:24:27,-6.117,8.237,10.625
2012-12-31 16:24:28,-6.2715,8.166,10.601
2012-12-31 16:24:29,-5.9205,8.444,10.697
2012-12-31 16:24:30,-6.1355,8.021,10.721
2012-12-31 16:24:31,-6.5925,8.3425,10.673
2012-12-31 16:24:32,-6.255,8.142,10.649
2012-12-31 16:24:33,-6.3515,8.4785,10.697
2012-12-31 16:24:34,-6.1005,7.744,10.649
2012-12-31 16:24:35,-6.0985,8.2255,10.697
2012-12-31 16:24:36,-6.1745,8.14,10.673
2012-12-31 16:24:37,-5.9995,8.174,10.697
2012-12-31 16:24:38,-5.982,8.065,10.649
2012-12-31 16:24:39,-6.255,8.3865,10.697
2012-12-31 16:24:40,-6.0965,8.1165,10.649
2012-12-31 16:24:41,-5.9915,8.2955,10.673
2012-12-31 16:24:42,-6.1865,8.3255,10.6725
2012-12-31 16:24:43,-6.337,8.174,10.697
2012-12-31 16:24:44,-6.0295,8.143,10.649
2012-12-31 16:24:45,-5.877,8.2425,10.601
2012-12-31 16:24:46,-6.1775,8.733,10.649
2012-12-31 16:24:47,-6.1475,8.3625,10.649
2012-12-31 16:24:48,-5.9735,8.2755,10.649
2012-12-31 16:24:49,-6.2005,8.171,10.697
2012-12-31 16:24:50,-6.2445,8.245,10.697
2012-12-31 16:24:51,-6.1515,8.147,10.697
2012-12-31 16:24:52,-5.7945,8.5255,10.625
2012-12-31 16:24:53,-5.976,7.706,10.649
2012-12-31 16:24:54,-6.3,8.6555,10.625
2012-12-31 16:24:55,-5.999,7.916,10.649
2012-12-31 16:24:56,-6.174,8.0685,10.601
2012-12-31 16:24:57,-5.9,7.8955,10.601
2012-12-31 16:24:58,-6.0405,8.1405,10.625
2012-12-31 16:24:59,-6.1815,7.9395,10.721
2012-12-31 16:25:00,-6.207,8.2875,10.697
2012-12-31 16:25:01,-6.248,7.954,10.625
2012-12-31 16:25:02,-6.1995,8.2905,10.577
2012-12-31 16:25:03,-6.122,8.0095,10.625
2012-12-31 16:25:04,-5.8925,7.97,10.601
2012-12-31 16:25:05,-6.0175,8.202,10.601
2012-12-31 16:25:06,-6.3105,8.238,10.673
2012-12-31 16:25:07,-6.0015,8.219,10.649
2012-12-31 16:25:08,-6.054,8.1175,10.577
2012-12-31 16:25:09,-6.7945,8.0665,10.625
2012-12-31 16:25:10,-6.2205,8.1435,10.625
2012-12-31 16:25:11,-5.974,8.26,10.649
2012-12-31 16:25:12,-6.2425,8.4815,10.649
2012-12-31 16:25:13,-6.0125,7.8285,10.649
2012-12-31 16:25:14,-6.107,8.109,10.697
2012-12-31 16:25:15,-6.158,8.351,10.625
2012-12-31 16:25:16,-6.2485,8.514,10.673
2012-12-31 16:25:17,-5.8465,8.6635,10.673
2012-12-31 16:25:18,-6.051,8.2955,10.625
2012-12-31 16:25:19,-6.2895,8.101,10.625
2012-12-31 16:25:20,-6.0105,8.0245,10.625
2012-12-31 16:25:21,-6.0715,8.339,10.601
2012-12-31 16:25:22,-6.012,8.1425,10.673
2012-12-31 16:25:23,-6.218,8.414,10.745
2012-12-31 16:25:24,-6.092,8.1865,10.625
2012-12-31 16:25:25,-6.271,8.024,10.649
2012-12-31 16:25:26,-6.26,8.333,10.649
2012-12-31 16:25:27,-6.335,8.2685,10.721
2012-12-31 16:25:28,-6.47,8.422,10.673
2012-12-31 16:25:29,-6.006,8.174,10.649
2012-12-31 16:25:30,-5.9315,7.9745,10.673
2012-12-31 16:25:31,-6.104,7.9335,10.673
2012-12-31 16:25:32,-5.871,8.1375,10.649
2012-12-31 16:25:33,-6.1955,8.2345,10.625
2012-12-31 16:25:34,-6.0095,8.258,10.649
2012-12-31 16:25:35,-6.113,8.2525,10.697
2012-12-31 16:25:36,-6.1435,8.59,10.649
2012-12-31 16:25:37,-6.073,8.36,10.697
2012-12-31 16:25:38,-6.1095,8.592,10.625
2012-12-31 16:25:39,-5.907,7.995,10.625
2012-12-31 16:25:40,-6.137,8.1355,10.625
2012-12-31 16:25:41,-6.0785,8.453,10.649
2012-12-31 16:25:42,-5.9675,8.3685,10.745
2012-12-31 16:25:43,-6.1755,8.253,10.625
2012-12-31 16:25:44,-5.5645,8.0625,10.649
2012-12-31 16:25:45,-6.6505,7.666,10.721
2012-12-31 16:25:46,-6.285,7.5785,10.697
2012-12-31 16:25:47,-6.865,7.731,10.721
2012-12-31 16:25:48,-6.887,7.5985,10.721
2012-12-31 16:25:49,-6.3675,7.7985,10.673
2012-12-31 16:25:50,-6.1985,8.068,10.673
2012-12-31 16:25:51,-6.433,7.771,10.673
2012-12-31 16:25:52,-6.655,7.7345,10.625
2012-12-31 16:25:53,-6.2365,7.9625,10.697
2012-12-31 16:25:54,-5.9425,7.8725,10.649
2012-12-31 16:25:55,-6.4115,7.704,10.7205
2012-12-31 16:25:56,-6.1715,8.056,10.673
2012-12-31 16:25:57,-6.5145,8.1585,10.697
2012-12-31 16:25:58,-6.285,8.206,10.697
2012-12-31 16:25:59,-6.078,7.994,10.7445
2012-12-31 16:26:00,-6.116,7.7715,10.7685
2012-12-31 16:26:01,-6.252,8.227,10.697
2012-12-31 16:26:02,-6.236,8.046,10.697
2012-12-31 16:26:03,-6.2145,8.0435,10.721
2012-12-31 16:26:04,-6.196,8.542,10.673
2012-12-31 16:26:05,-5.948,8.0325,10.7205
2012-12-31 16:26:06,-6.047,8.0305,10.697
2012-12-31 16:26:07,-6.0615,8.216,10.7205
2012-12-31 16:26:08,-6.119,7.842,10.745
2012-12-31 16:26:09,-6.2595,8.208,10.745
2012-12-31 16:26:10,-6.0235,8.019,10.7205
2012-12-31 16:26:11,-6.096,8.0095,10.745
2012-12-31 16:26:12,-6.3605,8.1275,10.7445
2012-12-31 16:26:13,-6.0615,8.2435,10.697
2012-12-31 16:26:14,-6.1395,7.945,10.697
2012-12-31 16:26:15,-6.1545,8.2885,10.697
2012-12-31 16:26:16,-5.858,8.2715,10.7445
2012-12-31 16:26:17,-6.1835,8.1895,10.697
2012-12-31 16:26:18,-6.237,7.7115,10.721
2012-12-31 16:26:19,-6.136,8.179,10.697
2012-12-31 16:26:20,-6.304,8.054,10.721
2012-12-31 16:26:21,-6.215,8.1335,10.721
2012-12-31 16:26:22,-6.2225,8.06,10.721
2012-12-31 16:26:23,-6.2285,8.026,10.673
2012-12-31 16:26:24,-6.167,8.075,10.673
2012-12-31 16:26:25,-5.9025,8.145,10.7685
2012-12-31 16:26:26,-6.2945,8.0605,10.649
2012-12-31 16:26:27,-6.158,8.5995,10.792
2012-12-31 16:26:28,-6.238,8.077,10.7685
2012-12-31 16:26:29,-6.0455,8.055,10.7685
2012-12-31 16:26:30,-6.1585,7.862,10.745
2012-12-31 16:26:31,-6.1535,8.2315,10.697
2012-12-31 16:26:32,-6.0605,7.868,10.7685
2012-12-31 16:26:33,-6.3025,7.6425,10.697
2012-12-31 16:26:34,-6.1595,7.737,10.7445
2012-12-31 16:26:35,-6.3135,7.9805,10.7445
2012-12-31 16:26:36,-6.0345,7.9785,10.816
2012-12-31 16:26:37,-6.24,8.2045,10.7685
2012-12-31 16:26:38,-6.29,8.2485,10.7445
2012-12-31 16:26:39,-6.153,7.593,10.673
2012-12-31 16:26:40,-6.3065,8.344,10.792
2012-12-31 16:26:41,-6.272,8.0535,10.745
2012-12-31 16:26:42,-6.146,8.1115,10.7445
2012-12-31 16:26:43,-6.0315,8.0565,10.7445
2012-12-31 16:26:44,-6.264,7.8045,10.7445
2012-12-31 16:26:45,-6.3265,7.953,10.697
2012-12-31 16:26:46,-6.318,7.827,10.697
2012-12-31 16:26:47,-6.1485,8.178,10.745
2012-12-31 16:26:48,-6.34,8.2425,10.745
2012-12-31 16:26:49,-5.983,8.2425,10.721
2012-12-31 16:26:50,-6.2275,8.231,10.7445
2012-12-31 16:26:51,-6.307,8.3265,10.7205
2012-12-31 16:26:52,-6.1145,7.93,10.721
2012-12-31 16:26:53,-6.002,8.42,10.697
2012-12-31 16:26:54,-5.861,8.018,10.7205
2012-12-31 16:26:55,-6.162,7.9895,10.7445
2012-12-31 16:26:56,-6.1045,8.1495,10.7445
2012-12-31 16:26:57,-6.227,8.047,10.649
2012-12-31 16:26:58,-5.9855,7.876,10.745
2012-12-31 16:26:59,-6.221,8.036,10.7445
2012-12-31 16:27:00,-6.075,8.214,10.745
2012-12-31 16:27:01,-6.196,8.6305,10.7445
2012-12-31 16:27:02,-6.4505,8.153,10.697
2012-12-31 16:27:03,-6.296,8.3185,10.7925
2012-12-31 16:27:04,-5.9685,7.919,10.7445
2012-12-31 16:27:05,-5.965,7.9405,10.745
2012-12-31 16:27:06,-5.761,8.0135,10.7685
2012-12-31 16:27:07,-6.1535,8.002,10.697
2012-12-31 16:27:08,-5.8175,8.092,10.6965
2012-12-31 16:27:09,-5.9465,7.917,10.7925
2012-12-31 16:27:10,-6.046,8.009,10.7685
2012-12-31 16:27:11,-6.114,8.088,10.721
2012-12-31 16:27:12,-6.1285,8.5815,10.745
2012-12-31 16:27:13,-6.335,7.9735,10.721
2012-12-31 16:27:14,-6.161,7.997,10.7445
2012-12-31 16:27:15,-6.091,8.4565,10.7445
2012-12-31 16:27:16,-6.308,7.69,10.7685
2012-12-31 16:27:17,-9.4075,7.4005,10.721
2012-12-31 16:27:18,-2.503,7.1165,10.84
2012-12-31 16:27:19,-6.708,8.3855,10.7685
2012-12-31 16:27:20,-6.164,8.27,10.697
2012-12-31 16:27:21,-6.4715,8.108,10.721
2012-12-31 16:27:22,-6.2025,8.2855,10.7205
2012-12-31 16:27:23,-6.7545,8.046,10.697
2012-12-31 16:27:24,-5.929,8.1005,10.7685
2012-12-31 16:27:25,-6.005,8.125,10.721
2012-12-31 16:27:26,-6.02,8.2595,10.697
2012-12-31 16:27:27,-6.352,7.7065,10.7205
2012-12-31 16:27:28,-6.0915,8.1355,10.745
2012-12-31 16:27:29,-6.2085,8.057,10.673
2012-12-31 16:27:30,-5.854,8.042,10.816
2012-12-31 16:27:31,-6.2095,7.752,10.721
2012-12-31 16:27:32,-6.324,8.114,10.697
2012-12-31 16:27:33,-6.4195,8.169,10.816
2012-12-31 16:27:34,-5.9655,8.219,10.721
2012-12-31 16:27:35,-6.3375,7.985,10.7445
2012-12-31 16:27:36,-6.1065,8.5705,10.7445
2012-12-31 16:27:37,-5.9815,8.4085,10.721
2012-12-31 16:27:38,-5.861,8.415,10.721
2012-12-31 16:27:39,-6.3775,7.8845,10.7685
2012-12-31 16:27:40,-6.069,8.375,10.792
2012-12-31 16:27:41,-6.1415,8.3145,10.721
2012-12-31 16:27:42,-6.0605,8.2895,10.697
2012-12-31 16:27:43,-6.1415,8.1075,10.697
2012-12-31 16:27:44,-6.256,7.9335,10.721
2012-12-31 16:27:45,-6.113,7.976,10.721
2012-12-31 16:27:46,-6.515,8.168,10.7445
2012-12-31 16:27:47,-5.9675,7.848,10.649
2012-12-31 16:27:48,-6.1355,7.9305,10.745
2012-12-31 16:27:49,-6.0365,8.1565,10.745
2012-12-31 16:27:50,-5.7775,8.2755,10.7445
2012-12-31 16:27:51,-6.1515,8.223,10.673
2012-12-31 16:27:52,-6.133,8.1945,10.7685
2012-12-31 16:27:53,-6.135,8.039,10.7685
2012-12-31 16:27:54,-6.1265,8.5315,10.697
2012-12-31 16:27:55,-6.27,8.223,10.625
2012-12-31 16:27:56,-6.0005,8.1165,10.721
2012-12-31 16:27:57,-6.049,8.36,10.721
2012-12-31 16:27:58,-6.423,8.664,10.721
2012-12-31 16:27:59,-6.4,8.278,10.7685
2012-12-31 16:28:00,-6.105,9.1095,10.745
2012-12-31 16:28:01,-6.199,8.1505,10.697
2012-12-31 16:28:02,-6.271,7.927,10.673
2012-12-31 16:28:03,-6.0945,8.041,10.673
2012-12-31 16:28:04,-6.0285,8.0875,10.697
2012-12-31 16:28:05,-5.948,8.346,10.697
2012-12-31 16:28:06,-6.353,8.3675,10.697
2012-12-31 16:28:07,-6.2335,8.1425,10.649
2012-12-31 16:28:08,-6.3505,8.141,10.649
2012-12-31 16:28:09,-5.8975,8.189,10.697
2012-12-31 16:28:10,-6.0925,8.0765,10.6965
2012-12-31 16:28:11,-6.2275,8.2925,10.721
2012-12-31 16:28:12,-6.3535,8.0395,10.625
2012-12-31 16:28:13,-6.02,8.6115,10.577
2012-12-31 16:28:14,-6.48,8.2255,10.697
2012-12-31 16:28:15,-5.693,8.42,10.697
2012-12-31 16:28:16,-5.3705,8.2655,10.649
2012-12-31 16:28:17,-5.6575,8.377,10.697
2012-12-31 16:28:18,-4.9355,8.871,10.625
2012-12-31 16:28:19,-5.6995,8.6965,10.673
2012-12-31 16:28:20,-5.9,8.277,10.673
2012-12-31 16:28:21,-6.211,8.273,10.673
2012-12-31 16:28:22,-6.2565,8.147,10.601
2012-12-31 16:28:23,-6.1265,8.203,10.601
2012-12-31 16:28:24,-6.034,8.6055,10.625
2012-12-31 16:28:25,-5.904,8.2675,10.529
2012-12-31 16:28:26,-6.039,8.349,10.553
2012-12-31 16:28:27,-6.007,8.189,10.577
2012-12-31 16:28:28,-5.912,7.4685,10.529
2012-12-31 16:28:29,-6.078,8.3335,10.601
2012-12-31 16:28:30,-5.8615,8.0715,10.577
2012-12-31 16:28:31,-5.9975,8.0265,10.529
2012-12-31 16:28:32,-6.1715,8.2505,10.577
2012-12-31 16:28:33,-6.0305,8.2965,10.601
2012-12-31 16:28:34,-5.7765,8.1615,10.601
2012-12-31 16:28:35,-6.1205,7.733,10.601
2012-12-31 16:28:36,-5.806,8.0795,10.553
2012-12-31 16:28:37,-6.18,8.396,10.553
2012-12-31 16:28:38,-5.952,7.853,10.529
2012-12-31 16:28:39,-5.961,8.234,10.553
2012-12-31 16:28:40,-6.6125,7.9455,10.529
2012-12-31 16:28:41,-6.09,8.0195,10.577
2012-12-31 16:28:42,-5.684,8.13,10.529
2012-12-31 16:28:43,-6.008,8.324,10.577
2012-12-31 16:28:44,-6.205,8.012,10.601
2012-12-31 16:28:45,-6.926,7.397,10.553
2012-12-31 16:28:46,-5.896,7.968,10.553
2012-12-31 16:28:47,-5.6595,8.0695,10.601
2012-12-31 16:28:48,-5.977,8.0655,10.601
2012-12-31 16:28:49,-6.047,8.246,10.577
2012-12-31 16:28:50,-6.1925,8.229,10.529
2012-12-31 16:28:51,-5.757,8.0975,10.553
2012-12-31 16:28:52,-6.133,7.8175,10.577
2012-12-31 16:28:53,-6.106,8.1565,10.625
2012-12-31 16:28:54,-6.0535,8.257,10.553
2012-12-31 16:28:55,-6.013,8.085,10.553
2012-12-31 16:28:56,-6.162,8.127,10.553
2012-12-31 16:28:57,-5.9715,8.127,10.505
2012-12-31 16:28:58,-5.881,8.1665,10.649
2012-12-31 16:28:59,-6.097,8.226,10.601
2012-12-31 16:29:00,-5.891,7.745,10.601
2012-12-31 16:29:01,-5.8855,7.6505,10.553
2012-12-31 16:29:02,-5.9805,8.3315,10.553
2012-12-31 16:29:03,-5.85,8.204,10.601
2012-12-31 16:29:04,-6.1225,7.9195,10.553
2012-12-31 16:29:05,-7.778,6.867,10.577
2012-12-31 16:29:06,-9.3765,7.7105,10.577
2012-12-31 16:29:07,-10.5115,8.3975,10.553
2012-12-31 16:29:08,-7.931,8.4865,10.433
2012-12-31 16:29:09,-4.646,10.055,10.457
2012-12-31 16:29:10,-5.996,8.6785,10.553
2012-12-31 16:29:11,-6.074,8.6285,10.529
2012-12-31 16:29:12,-5.727,8.862,10.553
2012-12-31 16:29:13,-8.671,11.38,10.481
2012-12-31 16:29:14,-3.779,11.459,10.577
2012-12-31 16:29:15,-10.123,9.6485,10.577
2012-12-31 16:29:16,-2.107,7.4,10.505
2012-12-31 16:29:17,,,
2012-12-31 16:29:18,,,
2012-12-31 16:29:19,,,
2012-12-31 16:29:20,,,
2012-12-31 16:29:21,,,
2012-12-31 16:29:22,,,
2012-12-31 16:29:23,,,
2012-12-31 16:29:24,,,
2012-12-31 16:29:25,,,
2012-12-31 16:29:26,,,
2012-12-31 16:29:27,,,
2012-12-31 16:29:28,,,
2012-12-31 16:29:29,,,
2012-12-31 16:29:30,,,
2012-12-31 16:29:31,,,
2012-12-31 16:29:32,,,
2012-12-31 16:29:33,,,
2012-12-31 16:29:34,,,
2012-12-31 16:29:35,,,
2012-12-31 16:29:36,,,
2012-12-31 16:29:37,,,
2012-12-31 16:29:38,,,
2012-12-31 16:29:39,,,
2012-12-31 16:29:40,,,
2012-12-31 16:29:41,,,
2012-12-31 16:29:42,,,
2012-12-31 16:29:43,,,
2012-12-31 16:29:44,,,
2012-12-31 16:29:45,,,
2012-12-31 16:29:46,,,
2012-12-31 16:29:47,,,
2012-12-31 16:29:48,,,
2012-12-31 16:29:49,,,
2012-12-31 16:29:50,,,
2012-12-31 16:29:51,,,
2012-12-31 16:29:52,,,
2012-12-31 16:29:53,,,
2012-12-31 16:29:54,,,
2012-12-31 16:29:55,,,
2012-12-31 16:29:56,,,
2012-12-31 16:29:57,,,
2012-12-31 16:29:58,,,
2012-12-31 16:29:59,,,
2012-12-31 16:30:00,,,
2012-12-31 16:30:01,,,
2012-12-31 16:30:02,,,
2012-12-31 16:30:03,,,
2012-12-31 16:30:04,,,
2012-12-31 16:30:05,,,
2012-12-31 16:30:06,,,
2012-12-31 16:30:07,,,
2012-12-31 16:30:08,,,
2012-12-31 16:30:09,,,
2012-12-31 16:30:10,,,
2012-12-31 16:30:11,,,
2012-12-31 16:30:12,,,
2012-12-31 16:30:13,,,
2012-12-31 16:30:14,,,
2012-12-31 16:30:15,,,
2012-12-31 16:30:16,,,
2012-12-31 16:30:17,,,
2012-12-31 16:30:18,,,
2012-12-31 16:30:19,,,
2012-12-31 16:30:20,,,
2012-12-31 16:30:21,,,
2012-12-31 16:30:22,,,
2012-12-31 16:30:23,,,
2012-12-31 16:30:24,,,
2012-12-31 16:30:25,,,
2012-12-31 16:30:26,,,
2012-12-31 16:30:27,,,
2012-12-31 16:30:28,,,
2012-12-31 16:30:29,,,
2012-12-31 16:30:30,,,
2012-12-31 16:30:31,,,
2012-12-31 16:30:32,,,
2012-12-31 16:30:33,,,
2012-12-31 16:30:34,,,
2012-12-31 16:30:35,,,
2012-12-31 16:30:36,,,
2012-12-31 16:30:37,,,
2012-12-31 16:30:38,,,
2012-12-31 16:30:39,,,
2012-12-31 16:30:40,,,
2012-12-31 16:30:41,,,
2012-12-31 16:30:42,,,
2012-12-31 16:30:43,,,
2012-12-31 16:30:44,,,
2012-12-31 16:30:45,,,
2012-12-31 16:30:46,,,
2012-12-31 16:30:47,,,
2012-12-31 16:30:48,,,
2012-12-31 16:30:49,,,
2012-12-31 16:30:50,,,
2012-12-31 16:30:51,,,
2012-12-31 16:30:52,,,
2012-12-31 16:30:53,,,
2012-12-31 16:30:54,,,
2012-12-31 16:30:55,,,
2012-12-31 16:30:56,,,
2012-12-31 16:30:57,,,
2012-12-31 16:30:58,,,
2012-12-31 16:30:59,,,
2012-12-31 16:31:00,,,
2012-12-31 16:31:01,,,
2012-12-31 16:31:02,,,
2012-12-31 16:31:03,,,
2012-12-31 16:31:04,,,
2012-12-31 16:31:05,,,
2012-12-31 16:31:06,,,
2012-12-31 16:31:07,,,
2012-12-31 16:31:08,,,
2012-12-31 16:31:09,,,
2012-12-31 16:31:10,,,
2012-12-31 16:31:11,,,
2012-12-31 16:31:12,,,
2012-12-31 16:31:13,,,
2012-12-31 16:31:14,,,
2012-12-31 16:31:15,,,
2012-12-31 16:31:16,,,
2012-12-31 16:31:17,,,
2012-12-31 16:31:18,,,
2012-12-31 16:31:19,,,
2012-12-31 16:31:20,,,
2012-12-31 16:31:21,,,
2012-12-31 16:31:22,,,
2012-12-31 16:31:23,,,
2012-12-31 16:31:24,,,
2012-12-31 16:31:25,,,
2012-12-31 16:31:26,,,
2012-12-31 16:31:27,,,
2012-12-31 16:31:28,,,
2012-12-31 16:31:29,,,
2012-12-31 16:31:30,,,
2012-12-31 16:31:31,,,
2012-12-31 16:31:32,,,
2012-12-31 16:31:33,,,
2012-12-31 16:31:34,,,
2012-12-31 16:31:35,,,
2012-12-31 16:31:36,,,
2012-12-31 16:31:37,,,
2012-12-31 16:31:38,,,
2012-12-31 16:31:39,,,
2012-12-31 16:31:40,,,
2012-12-31 16:31:41,,,
2012-12-31 16:31:42,,,
2012-12-31 16:31:43,,,
2012-12-31 16:31:44,,,
2012-12-31 16:31:45,,,
2012-12-31 16:31:46,,,
2012-12-31 16:31:47,,,
2012-12-31 16:31:48,,,
2012-12-31 16:31:49,,,
2012-12-31 16:31:50,,,
2012-12-31 16:31:51,,,
2012-12-31 16:31:52,,,
2012-12-31 16:31:53,,,
2012-12-31 16:31:54,,,
2012-12-31 16:31:55,,,
2012-12-31 16:31:56,,,
2012-12-31 16:31:57,,,
2012-12-31 16:31:58,,,
2012-12-31 16:31:59,,,
2012-12-31 16:32:00,,,
2012-12-31 16:32:01,,,
2012-12-31 16:32:02,,,
2012-12-31 16:32:03,,,
2012-12-31 16:32:04,,,
2012-12-31 16:32:05,,,
2012-12-31 16:32:06,,,
2012-12-31 16:32:07,,,
2012-12-31 16:32:08,,,
2012-12-31 16:32:09,,,
2012-12-31 16:32:10,,,
2012-12-31 16:32:11,,,
2012-12-31 16:32:12,,,
2012-12-31 16:32:13,,,
2012-12-31 16:32:14,,,
2012-12-31 16:32:15,,,
2012-12-31 16:32:16,,,
2012-12-31 16:32:17,,,
2012-12-31 16:32:18,,,
2012-12-31 16:32:19,,,
2012-12-31 16:32:20,-6.457,8.256,10.936
2012-12-31 16:32:21,-6.3385,8.298,10.864
2012-12-31 16:32:22,-6.647,7.737,10.864
2012-12-31 16:32:23,-6.591,7.606,10.912
2012-12-31 16:32:24,-6.003,8.464,10.912
2012-12-31 16:32:25,-6.419,8.144,10.888
2012-12-31 16:32:26,-6.428,8.264,10.864
2012-12-31 16:32:27,-5.854,8.513,10.84
2012-12-31 16:32:28,-1.5005,4.5175,10.888
2012-12-31 16:32:29,-5.898,7.77,10.84
2012-12-31 16:32:30,-6.5925,8.6515,10.864
2012-12-31 16:32:31,-6.4945,8.6515,10.84
2012-12-31 16:32:32,-6.0715,7.99,10.864
2012-12-31 16:32:33,-6.647,8.413,10.96
2012-12-31 16:32:34,-6.63,7.9635,10.864
2012-12-31 16:32:35,-6.408,7.997,10.864
2012-12-31 16:32:36,-6.337,8.1255,10.888
2012-12-31 16:32:37,-9.4575,8.6985,10.888
2012-12-31 16:32:38,-8.782,6.8345,10.84
2012-12-31 16:32:39,-6.271,8.5625,10.936
2012-12-31 16:32:40,-6.2715,8.1165,10.888
2012-12-31 16:32:41,-6.4175,8.4625,10.84
2012-12-31 16:32:42,-6.431,8.687,10.864
2012-12-31 16:32:43,-6.308,7.9195,10.816
2012-12-31 16:32:44,-6.549,8.2975,10.888
2012-12-31 16:32:45,-6.7065,8.1695,11.2955
2012-12-31 16:32:46,-5.5515,7.827,10.864
2012-12-31 16:32:47,-6.2175,7.822,10.912
2012-12-31 16:32:48,-8.7085,8.529,10.864
2012-12-31 16:32:49,-6.859,8.3005,10.816
2012-12-31 16:32:50,-6.2195,8.4335,10.864
2012-12-31 16:32:51,-6.3265,8.168,10.816
2012-12-31 16:32:52,-6.178,8.3075,10.864
2012-12-31 16:32:53,-6.1425,7.924,10.936
2012-12-31 16:32:54,-6.4125,8.1895,10.888
2012-12-31 16:32:55,-6.386,8.2105,10.888
2012-12-31 16:32:56,-6.426,8.4085,10.936
2012-12-31 16:32:57,-6.383,8.212,10.936
2012-12-31 16:32:58,-7.455,8.501,10.84
2012-12-31 16:32:59,-4.522,11.0235,10.864
2012-12-31 16:33:00,-5.5495,9.7415,10.864
2012-12-31 16:33:01,-8.381,11.616,10.912
2012-12-31 16:33:02,-7.382,12.7145,10.912
2012-12-31 16:33:03,-8.3535,5.551,10.8405
2012-12-31 16:33:04,-0.242,16.082,10.936
2012-12-31 16:33:05,-5.9135,11.491,10.864
2012-12-31 16:33:06,-4.855,9.8615,10.936
2012-12-31 16:33:07,-6.9875,12.1335,10.936
2012-12-31 16:33:08,-8.9015,12.983,10.912
2012-12-31 16:33:09,-2.046,3.278,10.888
2012-12-31 16:33:10,0.972,9.63,10.864
2012-12-31 16:33:11,-12.1095,7.704,10.84
2012-12-31 16:33:12,-6.0635,8.1745,10.936
2012-12-31 16:33:13,-6.455,8.476,10.888
2012-12-31 16:33:14,-5.8955,8.6375,10.816
2012-12-31 16:33:15,-6.1845,8.15,10.864
2012-12-31 16:33:16,-6.1955,8.199,10.816
2012-12-31 16:33:17,-6.453,9.556,10.84
2012-12-31 16:33:18,-5.5925,8.0905,10.7925
2012-12-31 16:33:19,-8.234,8.496,10.864
2012-12-31 16:33:20,-7.2965,9.717,10.84
2012-12-31 16:33:21,-7.955,14.7435,10.864
2012-12-31 16:33:22,-7.349,7.666,10.84
2012-12-31 16:33:23,-11.0915,13.12,10.84
2012-12-31 16:33:24,-8.063,11.0445,10.84
2012-12-31 16:33:25,-15.343,9.0365,10.7925
2012-12-31 16:33:26,-7.595,12.9025,10.7445
2012-12-31 16:33:27,-7.587,6.984,10.7685
2012-12-31 16:33:28,-10.658,4.046,10.792
2012-12-31 16:33:29,-6.6805,15.721,10.816
2012-12-31 16:33:30,-7.6855,16.8055,10.84
2012-12-31 16:33:31,-7.8405,15.425,10.792
2012-12-31 16:33:32,-3.152,11.407,10.84
2012-12-31 16:33:33,-6.0505,13.866,10.816
2012-12-31 16:33:34,-9.3895,1.2685,10.7445
2012-12-31 16:33:35,-12.493,4.277,10.7925
2012-12-31 16:33:36,-3.358,4.2865,10.792
2012-12-31 16:33:37,-7.255,13.453,10.792
2012-12-31 16:33:38,-10.741,14.956,10.816
2012-12-31 16:33:39,-8.9475,10.178,10.792
2012-12-31 16:33:40,-3.018,6.9725,10.792
2012-12-31 16:33:41,-9.088,6.5895,10.84
2012-12-31 16:33:42,-10.375,10.5055,10.816
2012-12-31 16:33:43,-5.4365,11.061,10.7685
2012-12-31 16:33:44,-7.159,8.5685,10.8405
2012-12-31 16:33:45,-5.9855,8.05,10.792
2012-12-31 16:33:46,-6.4105,8.205,10.792
2012-12-31 16:33:47,-6.2615,8.268,10.7685
2012-12-31 16:33:48,-6.207,8.3135,10.7925
2012-12-31 16:33:49,-10.6515,9.8405,10.792
2012-12-31 16:33:50,-12.418,8.5685,10.745
2012-12-31 16:33:51,-15.6885,8.6515,10.84
2012-12-31 16:33:52,-13.737,8.113,10.84
2012-12-31 16:33:53,-11.6005,8.332,10.84
2012-12-31 16:33:54,-8.3975,10.377,10.792
2012-12-31 16:33:55,-6.917,9.259,10.745
2012-12-31 16:33:56,-6.837,8.7045,10.721
2012-12-31 16:33:57,-7.0505,8.49,10.792
2012-12-31 16:33:58,-7.0415,8.2655,10.721
2012-12-31 16:33:59,-15.2705,9.679,10.7685
2012-12-31 16:34:00,-14.5885,9.178,10.745
2012-12-31 16:34:01,0.189,8.088,10.745
2012-12-31 16:34:02,-12.0705,13.133,10.697
2012-12-31 16:34:03,-3.7775,1.0465,10.7685
2012-12-31 16:34:04,-9.5435,10.3115,10.7685
2012-12-31 16:34:05,-14.974,10.4035,10.7925
2012-12-31 16:34:06,1.118,14.6145,10.7685
2012-12-31 16:34:07,-5.468,8.2625,10.7445
2012-12-31 16:34:08,-1.2145,10.446,10.7685
2012-12-31 16:34:09,-6.5875,9.1015,10.7685
2012-12-31 16:34:10,-4.703,15.3585,10.721
2012-12-31 16:34:11,-10.6395,5.913,10.697
2012-12-31 16:34:12,-3.0625,2.8575,10.697
2012-12-31 16:34:13,-9.232,7.274,10.721
2012-12-31 16:34:14,-6.5835,10.5355,10.7685
2012-12-31 16:34:15,-9.7715,7.587,10.7685
2012-12-31 16:34:16,-9.5615,13.9165,10.721
2012-12-31 16:34:17,-10.393,10.29,10.673
2012-12-31 16:34:18,2.2925,8.632,10.7445
2012-12-31 16:34:19,-11.389,8.15,10.649
2012-12-31 16:34:20,-5.888,4.906,10.7685
2012-12-31 16:34:21,-7.831,10.6065,10.7445
2012-12-31 16:34:22,-7.1075,4.34,10.673
2012-12-31 16:34:23,-11.361,6.3905,10.673
2012-12-31 16:34:24,-10.5095,6.9435,10.721
2012-12-31 16:34:25,-2.946,4.591,10.697
2012-12-31 16:34:26,-11.71,6.6825,10.7685
2012-12-31 16:34:27,-3.291,7.022,10.7445
2012-12-31 16:34:28,-3.868,9.3945,10.721
2012-12-31 16:34:29,-5.853,7.9315,10.697
2012-12-31 16:34:30,-3.097,6.8385,10.673
2012-12-31 16:34:31,-6.792,4.331,10.697
2012-12-31 16:34:32,2.329,9.728,10.7685
2012-12-31 16:34:33,-8.0135,9.672,10.649
2012-12-31 16:34:34,-13.731,6.7125,10.697
2012-12-31 16:34:35,3.027,8.81,10.721
2012-12-31 16:34:36,-9.131,10.949,10.745
2012-12-31 16:34:37,-9.349,8.714,10.601
2012-12-31 16:34:38,-14.642,8.9515,10.673
2012-12-31 16:34:39,-4.5575,-2.3665,10.7205
2012-12-31 16:34:40,-5.838,6.205,10.649
2012-12-31 16:34:41,0.1465,4.6575,10.649
2012-12-31 16:34:42,-5.0685,5.455,10.697
2012-12-31 16:34:43,-9.6855,9.846,10.697
2012-12-31 16:34:44,-8.067,-1.609,10.601
2012-12-31 16:34:45,-13.0845,11.288,10.625
2012-12-31 16:34:46,-6.667,9.1725,10.673
2012-12-31 16:34:47,-7.4025,13.119,10.721
2012-12-31 16:34:48,-13.2865,7.4975,10.625
2012-12-31 16:34:49,-7.171,9.561,10.697
2012-12-31 16:34:50,-3.2775,6.44,10.697
2012-12-31 16:34:51,-2.035,8.938,10.697
2012-12-31 16:34:52,-7.5535,7.626,10.721
2012-12-31 16:34:53,-7.7535,8.332,10.697
2012-12-31 16:34:54,-8.65,6.8115,10.625
2012-12-31 16:34:55,4.1045,11.953,10.625
2012-12-31 16:34:56,-5.6605,10.3905,10.649
2012-12-31 16:34:57,-14.962,6.4355,10.649
2012-12-31 16:34:58,-1.0835,12.5795,10.625
2012-12-31 16:34:59,-7.8675,7.129,10.721
2012-12-31 16:35:00,-6.4255,9.256,10.673
2012-12-31 16:35:01,-6.8935,7.841,10.601
2012-12-31 16:35:02,-9.775,12.569,10.625
2012-12-31 16:35:03,-3.691,9.454,10.577
2012-12-31 16:35:04,-12.926,4.5405,10.553
2012-12-31 16:35:05,-2.7075,8.0915,10.529
2012-12-31 16:35:06,-5.0005,12.453,10.601
2012-12-31 16:35:07,-5.5685,9.189,10.601
2012-12-31 16:35:08,-3.9495,9.314,10.577
2012-12-31 16:35:09,-2.3585,7.0325,10.553
2012-12-31 16:35:10,-0.685,9.503,10.505
2012-12-31 16:35:11,-7.578,12.9595,10.601
2012-12-31 16:35:12,-4.8045,13.0295,10.625
2012-12-31 16:35:13,-8.309,11.963,10.601
2012-12-31 16:35:14,-7.831,10.2515,10.625
2012-12-31 16:35:15,-4.344,8.0315,10.601
2012-12-31 16:35:16,-9.328,9.8225,10.577
2012-12-31 16:35:17,-2.1885,3.0775,10.601
2012-12-31 16:35:18,-4.0755,8.346,10.553
2012-12-31 16:35:19,-6.4945,8.389,10.529
2012-12-31 16:35:20,-6.641,8.46,10.553
2012-12-31 16:35:21,-7.363,9.094,10.553
2012-12-31 16:35:22,-12.9555,9.316,10.553
2012-12-31 16:35:23,-14.4825,8.4125,10.553
2012-12-31 16:35:24,-14.049,9.791,10.481
2012-12-31 16:35:25,-8.68,7.5405,10.529
2012-12-31 16:35:26,-6.659,8.835,10.625
2012-12-31 16:35:27,-6.7815,8.814,10.577
2012-12-31 16:35:28,-8.8105,8.7945,10.601
2012-12-31 16:35:29,-4.523,3.9565,10.553
2012-12-31 16:35:30,-13.664,6.0475,10.601
2012-12-31 16:35:31,-7.3275,15.0665,10.529
2012-12-31 16:35:32,-10.272,4.5385,10.601
2012-12-31 16:35:33,-10.7365,5.0085,10.577
2012-12-31 16:35:34,-8.147,10.134,10.553
2012-12-31 16:35:35,-13.625,14.964,10.505
2012-12-31 16:35:36,-3.766,14.086,10.529
2012-12-31 16:35:37,-10.0605,12.681,10.529
2012-12-31 16:35:38,-1.722,9.0675,10.481
2012-12-31 16:35:39,-6.972,9.087,10.433
2012-12-31 16:35:40,-6.6065,7.9925,10.457
2012-12-31 16:35:41,-8.6635,5.561,10.505
2012-12-31 16:35:42,-14.67,6.2435,10.433
2012-12-31 16:35:43,-14.8585,7.835,10.529
2012-12-31 16:35:44,-13.214,8.1755,10.457
2012-12-31 16:35:45,-7.997,11.2235,10.457
2012-12-31 16:35:46,-6.3675,7.3625,10.505
2012-12-31 16:35:47,-8.244,8.2245,10.481
2012-12-31 16:35:48,-7.25,8.254,10.505
2012-12-31 16:35:49,-7.469,8.4755,10.481
2012-12-31 16:35:50,-7.873,8.3145,10.505
2012-12-31 16:35:51,-11.068,8.278,10.481
2012-12-31 16:35:52,-11.326,7.8075,10.457
2012-12-31 16:35:53,-5.053,8.474,10.457
2012-12-31 16:35:54,-16.403,9.607,10.457
2012-12-31 16:35:55,-6.0105,7.029,10.457
2012-12-31 16:35:56,-3.5075,8.4765,10.457
2012-12-31 16:35:57,-15.511,8.79,10.505
2012-12-31 16:35:58,-6.21,8.148,10.529
2012-12-31 16:35:59,-10.235,8.3665,10.409
2012-12-31 16:36:00,-0.627,11.9705,10.481
2012-12-31 16:36:01,-2.6605,9.1475,10.505
2012-12-31 16:36:02,-6.5015,8.47,10.481
2012-12-31 16:36:03,-6.6855,8.3605,10.481
2012-12-31 16:36:04,-6.881,8.348,10.505
2012-12-31 16:36:05,-5.2465,9.0765,10.457
2012-12-31 16:36:06,-7.405,8.2465,10.457
2012-12-31 16:36:07,-13.6775,4.5465,10.337
2012-12-31 16:36:08,-5.016,9.5015,10.505
2012-12-31 16:36:09,-6.966,8.5125,10.529
2012-12-31 16:36:10,-7.678,10.2565,10.457
2012-12-31 16:36:11,-11.245,9.339,10.481
2012-12-31 16:36:12,3.292,9.7205,10.457
2012-12-31 16:36:13,-8.4495,4.368,10.481
2012-12-31 16:36:14,-12.9595,3.4025,10.505
2012-12-31 16:36:15,6.363,6.9525,10.481
2012-12-31 16:36:16,-5.689,4.7155,10.481
2012-12-31 16:36:17,-13.4275,13.251,10.481
2012-12-31 16:36:18,-6.599,6.4635,10.505
2012-12-31 16:36:19,-9.863,12.8685,10.529
2012-12-31 16:36:20,-2.9105,6.4235,10.577
2012-12-31 16:36:21,-5.39,6.395,10.553
2012-12-31 16:36:22,-8.9105,0.9635,10.625
2012-12-31 16:36:23,-2.0715,6.1855,10.673
2012-12-31 16:36:24,-7.544,8.87,10.625
2012-12-31 16:36:25,-4.9005,11.123,10.649
2012-12-31 16:36:26,-7.7775,8.0825,10.673
2012-12-31 16:36:27,-8.189,8.095,10.721
2012-12-31 16:36:28,-7.81,7.731,10.673
2012-12-31 16:36:29,-8.24,8.217,10.649
2012-12-31 16:36:30,-13.733,8.273,10.721
2012-12-31 16:36:31,-20.622,7.6805,10.7445
2012-12-31 16:36:32,-19.199,6.5995,10.697
2012-12-31 16:36:33,-15.933,6.801,10.673
2012-12-31 16:36:34,-9.3785,6.2145,10.697
2012-12-31 16:36:35,-7.566,6.838,10.816
2012-12-31 16:36:36,-7.219,7.406,10.84
2012-12-31 16:36:37,-7.146,7.2245,10.7445
2012-12-31 16:36:38,-7.2225,7.2085,10.864
2012-12-31 16:36:39,-7.1185,7.1765,10.888
2012-12-31 16:36:40,-3.549,6.676,10.8165
2012-12-31 16:36:41,-9.123,10.3055,10.84
2012-12-31 16:36:42,-7.0515,7.1565,10.864
2012-12-31 16:36:43,-7.344,12.242,10.864
2012-12-31 16:36:44,-12.554,7.9185,10.864
2012-12-31 16:36:45,-12.639,2.836,10.96
2012-12-31 16:36:46,-10.459,9.844,10.912
2012-12-31 16:36:47,-8.607,8.8785,10.912
2012-12-31 16:36:48,-7.42,3.759,10.313
2012-12-31 16:36:49,-11.4595,6.1385,11.727
2012-12-31 16:36:50,-6.057,10.761,10.984
2012-12-31 16:36:51,-0.285,1.9815,11.104
2012-12-31 16:36:52,-4.0045,4.4635,11.032
2012-12-31 16:36:53,-7.918,9.6725,11.104
2012-12-31 16:36:54,-10.45,14.831,11.128
2012-12-31 16:36:55,-16.519,9.1585,11.104
2012-12-31 16:36:56,-8.4665,5.347,11.08
2012-12-31 16:36:57,-4.78,9.819,11.176
2012-12-31 16:36:58,-7.97,9.366,11.176
2012-12-31 16:36:59,-0.3845,6.9055,11.176
2012-12-31 16:37:00,-10.2355,6.1675,11.2
2012-12-31 16:37:01,-7.745,10.334,11.224
2012-12-31 16:37:02,-0.4675,9.465,11.224
2012-12-31 16:37:03,-11.9745,11.447,11.3675
2012-12-31 16:37:04,-6.1505,3.882,11.296
2012-12-31 16:37:05,-5.714,6.2335,11.32
2012-12-31 16:37:06,-3.1895,9.3845,11.3915
2012-12-31 16:37:07,1.6935,13.696,11.415
2012-12-31 16:37:08,-9.1255,4.0665,11.4155
2012-12-31 16:37:09,-11.4675,11.236,11.415
2012-12-31 16:37:10,-3.5335,4.065,11.439
2012-12-31 16:37:11,-10.842,7.22,11.4155
2012-12-31 16:37:12,-2.939,14.099,11.487
2012-12-31 16:37:13,-6.2425,5.38,11.415
2012-12-31 16:37:14,2.822,13.062,11.559
2012-12-31 16:37:15,-8.6175,4.5045,11.535
2012-12-31 16:37:16,-8.8675,8.672,11.559
2012-12-31 16:37:17,-3.8845,5.8,11.607
2012-12-31 16:37:18,-11.689,9.38,11.655
2012-12-31 16:37:19,-6.3635,9.3355,11.631
2012-12-31 16:37:20,-3.089,11.368,11.607
2012-12-31 16:37:21,-7.549,2.5645,11.727
2012-12-31 16:37:22,-10.8785,9.894,11.727
2012-12-31 16:37:23,-10.007,5.5895,11.3915
2012-12-31 16:37:24,-6.219,12.1635,11.751
2012-12-31 16:37:25,-9.147,10.7715,11.799
2012-12-31 16:37:26,-8.576,4.9585,11.847
2012-12-31 16:37:27,-13.1985,7.985,11.895
2012-12-31 16:37:28,-5.1175,4.726,11.823
2012-12-31 16:37:29,-8.1275,6.9035,12.1585
2012-12-31 16:37:30,-12.004,7.5525,11.919
2012-12-31 16:37:31,-4.2755,10.5185,7.7015
2012-12-31 16:37:32,-6.949,1.991,11.943
2012-12-31 16:37:33,-3.232,7.01,11.943
2012-12-31 16:37:34,0.141,7.6935,12.0145
2012-12-31 16:37:35,-5.679,9.023,11.967
2012-12-31 16:37:36,-10.182,6.931,12.062
2012-12-31 16:37:37,-0.4875,3.997,11.967
2012-12-31 16:37:38,-15.609,7.3835,12.062
2012-12-31 16:37:39,-10.329,9.7105,12.0145
2012-12-31 16:37:40,-8.5195,8.451,12.0145
2012-12-31 16:37:41,-5.5115,15.5745,12.086
2012-12-31 16:37:42,-5.5215,12.517,12.086
2012-12-31 16:37:43,-3.8865,7.123,12.062
2012-12-31 16:37:44,-4.505,14.624,12.062
2012-12-31 16:37:45,-10.4265,5.0785,12.206
2012-12-31 16:37:46,-9.3565,12.81,12.086
2012-12-31 16:37:47,-0.12,11.592,12.134
2012-12-31 16:37:48,-4.8015,9.2815,12.11
2012-12-31 16:37:49,-6.4025,9.2195,12.158
2012-12-31 16:37:50,-5.975,8.9135,12.206
2012-12-31 16:37:51,-8.8,9.158,12.254
2012-12-31 16:37:52,-9.9135,9.059,12.278
2012-12-31 16:37:53,-9.29,9.1285,12.254
2012-12-31 16:37:54,-7.563,8.852,12.326
2012-12-31 16:37:55,-6.738,7.9565,12.278
2012-12-31 16:37:56,-6.7335,7.9245,12.326
2012-12-31 16:37:57,-18.1645,9.7625,12.326
2012-12-31 16:37:58,-12.6375,9.6155,12.326
2012-12-31 16:37:59,-1.3545,7.632,12.422
2012-12-31 16:38:00,-5.443,12.107,12.398
2012-12-31 16:38:01,0.7035,15.7425,12.47
2012-12-31 16:38:02,-17.854,7.832,12.374
2012-12-31 16:38:03,-7.99,10.3815,12.398
2012-12-31 16:38:04,0.743,13.078,12.47
2012-12-31 16:38:05,-0.1445,7.821,12.494
2012-12-31 16:38:06,-5.93,10.078,12.47
2012-12-31 16:38:07,-8.314,11.2465,12.422
2012-12-31 16:38:08,-11.496,16.6485,12.1105
2012-12-31 16:38:09,-17.6845,9.2505,12.422
2012-12-31 16:38:10,-16.609,7.8785,12.494
2012-12-31 16:38:11,-8.561,4.915,12.901
2012-12-31 16:38:12,-9.362,9.2965,12.614
2012-12-31 16:38:13,-9.0415,8.918,12.925
2012-12-31 16:38:14,-7.399,7.109,12.6855
2012-12-31 16:38:15,-6.354,1.1325,12.661
2012-12-31 16:38:16,-5.008,14.713,12.614
2012-12-31 16:38:17,-9.1445,9.72,12.6375
2012-12-31 16:38:18,-17.9045,16.1745,12.6375
2012-12-31 16:38:19,-7.5245,6.728,12.709
2012-12-31 16:38:20,-19.7105,0.4035,12.254
2012-12-31 16:38:21,-6.2045,8.9105,12.685
2012-12-31 16:38:22,-1.906,4.389,12.661
2012-12-31 16:38:23,-14.179,-6.198,12.709
2012-12-31 16:38:24,-2.1155,23.539,12.733
2012-12-31 16:38:25,-14.2275,11.482,12.781
2012-12-31 16:38:26,-9.247,6.58,12.805
2012-12-31 16:38:27,-2.944,8.533,12.853
2012-12-31 16:38:28,-5.5805,8.8175,12.757
2016-04-23 00:00:00,,,
2016-04-24 00:00:00,,,
2016-04-25 00:00:00,,,
2016-04-26 00:00:00,,,
2016-04-27 00:00:00,,,
2016-04-28 00:00:00,,,
2016-04-29 00:00:00,,,
2016-04-30 00:00:00,,,
2016-05-01 00:00:00,,,
2016-05-02 00:00:00,,,
